tract2010,tract2020,weight,allocated_pop2010,method
55001950100,55001950100,1.00000000,2973.00,population
55001950201,55001950201,0.99709935,1375.00,population
55001950201,55001950400,0.00290065,4.00,population
55001950202,55001950203,0.35228123,942.00,population
55001950202,55001950204,0.64771877,1732.00,population
55001950400,55001950201,0.00011974,0.57,population
55001950400,55001950400,0.99987998,4766.43,population
55001950400,55001950501,0.00000028,0.00,population
55001950501,55001950501,0.99982700,1468.75,population
55001950501,55001950502,0.00017300,0.25,population
55001950502,55001950502,1.00000000,4112.00,population
55001950700,55001950502,0.00052324,1.83,population
55001950700,55001950700,0.99946793,3499.14,population
55001950700,55057100700,0.00000883,0.03,population
55003940000,55003940000,1.00000000,1867.00,population
55003950300,55003950300,0.99997820,2695.94,population
55003950300,55003950800,0.00002180,0.06,population
55003950400,55003950400,0.99996522,2409.92,population
55003950400,55007960402,0.00003478,0.08,population
55003950500,55003940000,0.01681054,37.00,population
55003950500,55003950500,0.98318946,2164.00,population
55003950600,55003950600,1.00000000,1391.00,population
55003950700,55003950700,1.00000000,2206.00,population
55003950800,55003950800,1.00000000,3386.00,population
55003990000,55003990000,1.00000000,0.00,area
55005000100,55005000100,1.00000000,3829.00,population
55005000200,55005000200,1.00000000,3933.00,population
55005000300,55005000300,1.00000000,4215.00,population
55005000400,55005000400,0.99999601,5464.98,population
55005000400,55005000500,0.00000399,0.02,population
55005000500,55005000500,1.00000000,4242.00,population
55005000600,55005000601,0.33953413,2099.00,population
55005000600,55005000602,0.66046587,4083.00,population
55005000800,55005000800,1.00000000,5435.00,population
55005000900,55005000900,1.00000000,5123.00,population
55005001001,55005001001,1.00000000,1874.00,population
55005001002,55005001003,0.28158650,1569.00,population
55005001002,55005001004,0.71841350,4003.00,population
55007960100,55007960100,1.00000000,2713.00,population
55007960200,55007960200,1.00000000,1679.00,population
55007960300,55007960300,1.00000000,3661.00,population
55007960400,55007960401,0.37149817,1830.00,population
55007960400,55007960402,0.62850183,3096.00,population
55007960600,55007960600,1.00000000,2035.00,population
55007990000,55007990000,1.00000000,0.00,area
55009000100,55009000100,1.00000000,2690.00,population
55009000200,55009000200,1.00000000,5963.00,population
55009000302,55009000302,1.00000000,4553.00,population
55009000303,55009000303,1.00000000,2811.00,population
55009000401,55009000401,1.00000000,4632.00,population
55009000402,55009000402,1.00000000,2343.00,population
55009000500,55009000500,1.00000000,2953.00,population
55009000600,55009000600,1.00000000,4097.00,population
55009000700,55009000700,1.00000000,4945.00,population
55009000800,55009000800,1.00000000,1835.00,population
55009000900,55009000900,1.00000000,4029.00,population
55009001000,55009001000,1.00000000,1538.00,population
55009001100,55009001100,1.00000000,2081.00,population
55009001200,55009001200,1.00000000,2323.00,population
55009001300,55009001300,1.00000000,3022.00,population
55009001400,55009001400,1.00000000,3804.00,population
55009001600,55009001600,0.99143069,6449.26,population
55009001600,55009020704,0.00856931,55.74,population
55009001701,55009001701,1.00000000,3528.00,population
55009001702,55009001702,1.00000000,3529.00,population
55009001801,55009001801,1.00000000,4971.00,population
55009001802,55009001802,1.00000000,5449.00,population
55009002001,55009002001,1.00000000,8222.00,population
55009002002,55009002002,0.99717050,5142.41,population
55009002002,55009020704,0.00282950,14.59,population
55009002003,55009002003,1.00000000,3278.00,population
55009010100,55009010100,1.00000000,6254.00,population
55009010201,55009010201,0.99712683,4567.84,population
55009010201,55009021303,0.00287317,13.16,population
55009010202,55009010202,1.00000000,5002.00,population
55009010300,55009010100,0.00565873,39.00,population
55009010300,55009010300,0.99408740,6851.25,population
55009010300,55009020702,0.00025387,1.75,population
55009020100,55009001802,0.01701297,96.04,population
55009020100,55009020100,0.98298703,5548.96,population
55009020203,55009020203,1.00000000,6367.00,population
55009020204,55009020204,0.99884280,4973.24,population
55009020204,55009020506,0.00099395,4.95,population
55009020204,55009021600,0.00016325,0.81,population
55009020502,55009000100,0.00002840,0.15,population
55009020502,55009020502,0.99949716,5303.33,population
55009020502,55009940003,0.00006067,0.32,population
55009020502,55009940005,0.00041377,2.20,population
55009020503,55009020502,0.00213987,16.49,population
55009020503,55009020505,0.63705546,4908.51,population
55009020503,55009020506,0.36080467,2780.00,population
55009020504,55009020504,0.99999725,4387.99,population
55009020504,55009020505,0.00000275,0.01,population
55009020600,55009020600,0.99999934,5172.00,population
55009020600,55009020702,0.00000066,0.00,population
55009020702,55009010300,0.00001590,0.09,population
55009020702,55009020702,0.99948377,5880.96,population
55009020702,55009020703,0.00050033,2.94,population
55009020703,55009002003,0.00994062,69.22,population
55009020703,55009020703,0.99005938,6893.78,population
55009020704,55009001600,0.00857205,66.09,population
55009020704,55009002002,0.00089496,6.90,population
55009020704,55009020704,0.99028152,7635.07,population
55009020704,55009020800,0.00019803,1.53,population
55009020704,55009020900,0.00004649,0.36,population
55009020704,55009021200,0.00000695,0.05,population
55009020800,55009020800,1.00000000,2230.00,population
55009020900,55009020900,1.00000000,2771.00,population
55009021000,55009021000,1.00000000,2731.00,population
55009021100,55009980000,1.00000000,1092.00,population
55009021200,55009021200,1.00000000,5151.00,population
55009021301,55009021301,1.00000000,3305.00,population
55009021302,55009021302,1.00000000,6183.00,population
55009021303,55009000800,0.00216313,8.56,population
55009021303,55009010201,0.00122711,4.85,population
55009021303,55009021303,0.99660975,3941.59,population
55009021304,55009021304,1.00000000,2117.00,population
55009021400,55009010300,0.00369423,26.00,population
55009021400,55009021400,0.99630577,7012.00,population
55009021500,55009021500,1.00000000,3118.00,population
55009021600,55009020504,0.00001575,0.09,population
55009021600,55009021600,0.99998425,5928.91,population
55009940001,55009010201,0.00089133,13.00,population
55009940001,55009010202,0.00385192,56.18,population
55009940001,55009021302,0.00005477,0.80,population
55009940001,55009940002,0.00000733,0.11,population
55009940001,55009940005,0.29818898,4349.09,population
55009940001,55009940006,0.24525251,3577.01,population
55009940001,55009940007,0.19724510,2876.82,population
55009940001,55009940008,0.25450806,3712.00,population
55009940002,55009940002,0.99443192,4702.67,population
55009940002,55009940005,0.00556808,26.33,population
55009940003,55009020502,0.00015454,0.51,population
55009940003,55009940003,0.99984546,3297.49,population
55009940004,55009021302,0.00505231,13.48,population
55009940004,55009940004,0.99494769,2655.52,population
55011960100,55011960100,0.99743213,2719.00,population
55011960100,55011960300,0.00256787,7.00,population
55011960200,55011960200,1.00000000,2900.00,population
55011960300,55011960300,1.00000000,2163.00,population
55011960400,55011960400,1.00000000,2518.00,population
55011960500,55011960100,0.00518293,17.00,population
55011960500,55011960400,0.00009686,0.32,population
55011960500,55011960500,0.99472021,3262.68,population
55013970400,55013970400,0.99960974,3778.52,population
55013970400,55013970700,0.00039026,1.48,population
55013970600,55013970600,1.00000000,1913.00,population
55013970700,55013970700,1.00000000,2489.00,population
55013970800,55013970800,1.00000000,2329.00,population
55013970900,55013970900,1.00000000,3019.00,population
55013971000,55013971000,1.00000000,1927.00,population
55015020100,55015020100,0.99999549,4633.98,population
55015020100,55015020200,0.00000451,0.02,population
55015020200,55015020100,0.00003255,0.13,population
55015020200,55015020200,0.99975263,3907.03,population
55015020200,55015020400,0.00007729,0.30,population
55015020200,55015020500,0.00003052,0.12,population
55015020200,55015020600,0.00010700,0.42,population
55015020303,55015020303,1.00000000,3878.00,population
55015020304,55015020304,1.00000000,3827.00,population
55015020306,55015020306,1.00000000,6453.00,population
55015020308,55015020308,1.00000000,2997.00,population
55015020400,55015020400,0.99979295,3420.29,population
55015020400,55015020500,0.00020705,0.71,population
55015020500,55015020200,0.00001964,0.10,population
55015020500,55015020400,0.00010337,0.53,population
55015020500,55015020500,0.99987699,5105.37,population
55015020600,55015020200,0.00000923,0.05,population
55015020600,55015020400,0.00045195,2.28,population
55015020600,55015020600,0.99953883,5050.67,population
55015020700,55015020700,1.00000000,4136.00,population
55015020800,55015020800,1.00000000,5558.00,population
55017010100,55017010100,1.00000000,3004.00,population
55017010200,55017010200,1.00000000,6767.00,population
55017010300,55017010300,1.00000000,5465.00,population
55017010400,55017010400,1.00000000,4876.00,population
55017010500,55017010500,0.99997580,5377.87,population
55017010500,55017010700,0.00002420,0.13,population
55017010700,55017010700,1.00000000,7226.00,population
55017010800,55017010800,1.00000000,7061.00,population
55017010900,55017010900,0.99999644,4819.98,population
55017010900,55119960300,0.00000356,0.02,population
55017011000,55017011001,0.48001688,3400.92,population
55017011000,55017011002,0.51998312,3684.08,population
55017011100,55017011100,1.00000000,4077.00,population
55017011200,55017011100,0.00000399,0.03,population
55017011200,55017011200,0.99999601,6655.97,population
55019950100,55019950100,0.99995578,4949.78,population
55019950100,55073002200,0.00004422,0.22,population
55019950200,55019950200,0.99996879,4519.86,population
55019950200,55119960300,0.00003121,0.14,population
55019950300,55019950300,1.00000000,4350.00,population
55019950400,55019950400,1.00000000,3988.00,population
55019950500,55019950500,1.00000000,5277.00,population
55019950600,55019950500,0.00000071,0.00,population
55019950600,55019950600,0.99999929,4797.00,population
55019950700,55019950700,1.00000000,3635.00,population
55019950800,55019950800,0.99966075,3171.92,population
55019950800,55053960100,0.00002647,0.08,population
55019950800,55053960200,0.00008945,0.28,population
55019950800,55053960300,0.00022333,0.71,population
55021970100,55021970100,1.00000000,4153.00,population
55021970200,55021970200,1.00000000,5868.00,population
55021970300,55021970300,0.99675649,3995.00,population
55021970300,55021970401,0.00324351,13.00,population
55021970400,55021970401,0.40384322,2648.00,population
55021970400,55021970402,0.59615678,3909.00,population
55021970500,55021970500,1.00000000,4316.00,population
55021970600,55021970402,0.00001246,0.06,population
55021970600,55021970600,0.99998754,4631.94,population
55021970700,55021970700,1.00000000,4206.00,population
55021970800,55021970800,0.99999423,5604.97,population
55021970800,55025012900,0.00000577,0.03,population
55021970900,55021970900,1.00000000,4695.00,population
55021971000,55021971000,1.00000000,3971.00,population
55021971100,55021971100,0.99998777,3621.96,population
55021971100,55025011700,0.00000709,0.03,population
55021971100,55025011800,0.00000514,0.02,population
55021971200,55021971200,0.99870856,5193.28,population
55021971200,55027961800,0.00129144,6.72,population
55023960100,55023960100,0.99928622,2800.00,population
55023960100,55023960200,0.00071378,2.00,population
55023960200,55023960200,1.00000000,2291.00,population
55023960300,55023960300,1.00000000,2486.00,population
55023960400,55023960400,1.00000000,3233.00,population
55023960500,55023960500,1.00000000,1994.00,population
55023960600,55023960600,1.00000000,3838.00,population
55025000100,55025000100,0.99681546,2595.71,population
55025000100,55025010100,0.00318454,8.29,population
55025000201,55025000201,1.00000000,2149.00,population
55025000202,55025000202,1.00000000,3016.00,population
55025000204,55025000204,1.00000000,5012.00,population
55025000205,55025000205,0.98478483,5052.93,population
55025000205,55025011000,0.01521517,78.07,population
55025000300,55025000301,0.61858736,3328.00,population
55025000300,55025000302,0.38141264,2052.00,population
55025000401,55025000401,1.00000000,3148.00,population
55025000402,55025000402,1.00000000,2451.00,population
55025000405,55025000409,0.71341781,4110.00,population
55025000405,55025000410,0.28658219,1651.00,population
55025000406,55025000406,1.00000000,2968.00,population
55025000407,55025000407,1.00000000,5661.00,population
55025000408,55025000408,1.00000000,1685.00,population
55025000501,55025000501,1.00000000,4670.00,population
55025000503,55025000505,0.53590218,3769.00,population
55025000503,55025000506,0.46409782,3264.00,population
55025000504,55025000504,1.00000000,6738.00,population
55025000600,55025000600,1.00000000,5647.00,population
55025000700,55025000700,0.99988699,3210.64,population
55025000700,55025001402,0.00011301,0.36,population
55025000800,55025000800,1.00000000,3557.00,population
55025000901,55025000901,1.00000000,2142.00,population
55025000902,55025000902,1.00000000,5310.00,population
55025001000,55025001000,1.00000000,2301.00,population
55025001101,55025001101,1.00000000,4197.00,population
55025001102,55025001102,1.00000000,3150.00,population
55025001200,55025001200,1.00000000,5890.00,population
55025001300,55025001300,1.00000000,2401.00,population
55025001401,55025001401,1.00000000,5941.00,population
55025001402,55025001402,1.00000000,5373.00,population
55025001403,55025001404,0.69603754,5340.00,population
55025001403,55025001405,0.30396246,2332.00,population
55025001501,55025001501,1.00000000,1999.00,population
55025001502,55025001502,0.99998589,5398.92,population
55025001502,55025010600,0.00001411,0.08,population
55025001603,55025001603,1.00000000,3414.00,population
55025001604,55025001604,1.00000000,5053.00,population
55025001605,55025001605,1.00000000,2389.00,population
55025001606,55025001606,1.00000000,5463.00,population
55025001704,55025001704,1.00000000,3434.00,population
55025001705,55025001706,0.59710287,2432.00,population
55025001705,55025001707,0.40289713,1641.00,population
55025001802,55025001802,1.00000000,2784.00,population
55025001804,55025001804,0.99909910,3323.00,population
55025001804,55025010200,0.00090090,3.00,population
55025001900,55025001901,0.62234217,3805.00,population
55025001900,55025001902,0.37727724,2306.67,population
55025001900,55025002000,0.00038060,2.33,population
55025002000,55025002000,1.00000000,5875.00,population
55025002100,55025002100,1.00000000,4850.00,population
55025002200,55025002200,1.00000000,4254.00,population
55025002301,55025002301,1.00000000,2994.00,population
55025002302,55025002302,1.00000000,1810.00,population
55025002401,55025002401,0.99693044,3406.51,population
55025002401,55025002402,0.00306956,10.49,population
55025002402,55025002402,1.00000000,3407.00,population
55025002500,55025002500,0.99834413,1732.13,population
55025002500,55025011201,0.00165587,2.87,population
55025002601,55025002601,1.00000000,1809.00,population
55025002602,55025002602,1.00000000,5576.00,population
55025002603,55025002603,1.00000000,5249.00,population
55025002700,55025002700,1.00000000,3166.00,population
55025002800,55025002800,1.00000000,2233.00,population
55025002900,55025002900,1.00000000,3175.00,population
55025003001,55025003001,1.00000000,5134.00,population
55025003002,55025003002,1.00000000,3732.00,population
55025003100,55025003100,1.00000000,6422.00,population
55025003200,55025003200,0.98550700,2737.74,population
55025003200,55025010100,0.01449300,40.26,population
55025010100,55025000100,0.00013030,0.20,population
55025010100,55025000800,0.00016503,0.25,population
55025010100,55025010100,0.99970467,1537.55,population
55025010200,55025002301,0.00100813,1.28,population
55025010200,55025010200,0.99899187,1266.72,population
55025010300,55025010300,1.00000000,3404.00,population
55025010400,55025010400,1.00000000,3299.00,population
55025010501,55025010501,1.00000000,2817.00,population
55025010502,55025010503,0.54879501,4261.94,population
55025010502,55025010504,0.45068246,3500.00,population
55025010502,55025012002,0.00052252,4.06,population
55025010600,55025001502,0.00000363,0.02,population
55025010600,55025010600,0.99999637,5140.98,population
55025010701,55025010701,1.00000000,5952.00,population
55025010702,55025010702,0.99999987,6290.00,population
55025010702,55025012400,0.00000013,0.00,population
55025010800,55025010801,0.51971765,5522.00,population
55025010800,55025010802,0.48028235,5103.00,population
55025010901,55025010905,0.41525123,2347.00,population
55025010901,55025010906,0.58474877,3305.00,population
55025010903,55025010903,0.99995118,2540.88,population
55025010903,55025010907,0.00004882,0.12,population
55025010904,55025010907,0.49857585,4026.00,population
55025010904,55025010908,0.50128826,4047.90,population
55025010904,55025013000,0.00013589,1.10,population
55025011000,55025000205,0.00250811,10.46,population
55025011000,55025011000,0.99749189,4161.54,population
55025011101,55025011101,1.00000000,4573.00,population
55025011102,55025011103,0.54552152,4381.08,population
55025011102,55025011104,0.45447848,3649.92,population
55025011200,55025010908,0.00060457,5.10,population
55025011200,55025011201,0.45469242,3837.60,population
55025011200,55025011202,0.54452175,4595.76,population
55025011200,55025011301,0.00001586,0.13,population
55025011200,55025011302,0.00016540,1.40,population
55025011301,55025011301,1.00000000,6317.00,population
55025011302,55025011302,1.00000000,3015.00,population
55025011401,55025011403,0.33721790,2241.49,population
55025011401,55025011406,0.36542801,2429.00,population
55025011401,55025011407,0.29650604,1970.88,population
55025011401,55025012002,0.00084805,5.64,population
55025011402,55025011404,0.65970380,5969.00,population
55025011402,55025011405,0.33071323,2992.29,population
55025011402,55025011506,0.00956074,86.51,population
55025011402,55025011700,0.00002223,0.20,population
55025011503,55025011507,0.56479418,4816.00,population
55025011503,55025011508,0.43520582,3711.00,population
55025011504,55025011504,1.00000000,3770.00,population
55025011505,55025011505,1.00000000,4264.00,population
55025011506,55025011506,1.00000000,4785.00,population
55025011600,55025011600,1.00000000,6257.00,population
55025011700,55025011700,0.99984580,3899.40,population
55025011700,55025011800,0.00015420,0.60,population
55025011800,55025011800,1.00000000,5890.00,population
55025011900,55025011900,0.99997708,6700.85,population
55025011900,55025012002,0.00000038,0.00,population
55025011900,55055100601,0.00000251,0.02,population
55025011900,55055100602,0.00002003,0.13,population
55025012001,55025011700,0.00024036,2.00,population
55025012001,55025012003,0.72190842,6007.00,population
55025012001,55025012004,0.27785122,2312.00,population
55025012002,55025010600,0.00073813,3.55,population
55025012002,55025011700,0.00083264,4.00,population
55025012002,55025011900,0.00085612,4.11,population
55025012002,55025012002,0.99754502,4792.21,population
55025012002,55025012100,0.00002809,0.13,population
55025012100,55025011900,0.00011056,0.29,population
55025012100,55025012100,0.99982450,2636.54,population
55025012100,55055101201,0.00006494,0.17,population
55025012201,55025012201,1.00000000,2001.00,population
55025012202,55025012202,1.00000000,6774.00,population
55025012300,55025012300,0.99997521,5303.87,population
55025012300,55025012400,0.00002479,0.13,population
55025012400,55025012300,0.00003044,0.15,population
55025012400,55025012400,0.99996956,4804.85,population
55025012501,55025012501,1.00000000,6551.00,population
55025012502,55025012502,1.00000000,5166.00,population
55025012600,55025012400,0.00003639,0.16,population
55025012600,55025012600,0.99929375,4385.90,population
55025012600,55025012700,0.00009972,0.44,population
55025012600,55045960200,0.00033375,1.46,population
55025012600,55049950500,0.00023638,1.04,population
55025012700,55025010907,0.00007316,0.28,population
55025012700,55025012600,0.00022181,0.86,population
55025012700,55025012700,0.99949270,3865.04,population
55025012700,55025012900,0.00003392,0.13,population
55025012700,55025013100,0.00003447,0.13,population
55025012700,55049950500,0.00014395,0.56,population
55025012800,55025012800,1.00000000,7688.00,population
55025012900,55025010907,0.00025421,0.95,population
55025012900,55025012700,0.00001232,0.05,population
55025012900,55025012900,0.99941886,3743.82,population
55025012900,55025013100,0.00031460,1.18,population
55025013000,55025010908,0.00000899,0.04,population
55025013000,55025013000,0.99999101,4219.96,population
55025013100,55025012700,0.00011430,0.52,population
55025013100,55025013100,0.99972542,4561.75,population
55025013100,55049950100,0.00001393,0.06,population
55025013100,55111000700,0.00014634,0.67,population
55025013200,55021971000,0.00002903,0.25,population
55025013200,55021971100,0.00000070,0.01,population
55025013200,55025011201,0.00015991,1.37,population
55025013200,55025011202,0.00015391,1.32,population
55025013200,55025011301,0.00005184,0.44,population
55025013200,55025011700,0.00000370,0.03,population
55025013200,55025012900,0.00001221,0.10,population
55025013200,55025013201,0.39007715,3344.13,population
55025013200,55025013202,0.60950678,5225.30,population
55025013200,55025013302,0.00000478,0.04,population
55025013301,55025013202,0.00001512,0.07,population
55025013301,55025013301,0.99998488,4431.93,population
55025013302,55025013302,1.00000000,5620.00,population
55025013700,55025013700,1.00000000,4644.00,population
55025991702,55025991702,1.00000000,0.00,area
55025991703,55025010300,0.33333333,0.00,area
55025991703,55025010400,0.33333333,0.00,area
55025991703,55025991703,0.33333333,0.00,area
55027960100,55027960100,1.00000000,6008.00,population
55027960200,55027960200,0.99999575,3170.99,population
55027960200,55027961200,0.00000425,0.01,population
55027960300,55027960200,0.00040561,3.25,population
55027960300,55027960300,0.99959439,7999.75,population
55027960400,55027960400,0.99837769,4343.94,population
55027960400,55027960500,0.00162231,7.06,population
55027960500,55027960500,0.99999825,3884.99,population
55027960500,55027960600,0.00000175,0.01,population
55027960600,55027960600,0.99952952,3986.12,population
55027960600,55027961000,0.00047048,1.88,population
55027960700,55027960700,1.00000000,4606.00,population
55027960800,55027960800,1.00000000,3537.00,population
55027960900,55027960900,1.00000000,4167.00,population
55027961000,55027961000,1.00000000,4473.00,population
55027961100,55027961100,1.00000000,4550.00,population
55027961200,55027960200,0.00825306,27.58,population
55027961200,55027961200,0.99174694,3314.42,population
55027961300,55027961300,0.99909112,5340.14,population
55027961300,55027961400,0.00090888,4.86,population
55027961400,55027961200,0.00000037,0.00,population
55027961400,55027961400,0.99994544,4019.78,population
55027961400,55027961500,0.00005419,0.22,population
55027961500,55027961500,1.00000000,5220.00,population
55027961600,55027961600,1.00000000,4412.00,population
55027961700,55027961700,0.99988244,3057.64,population
55027961700,55027961900,0.00011756,0.36,population
55027961800,55021971200,0.00001321,0.06,population
55027961800,55027961800,0.99998679,4411.94,population
55027961900,55027961700,0.00009258,0.54,population
55027961900,55027961900,0.99990742,5783.46,population
55027962000,55027962000,1.00000000,2427.00,population
55029100100,55029100100,0.98872397,2187.06,population
55029100100,55029100400,0.01127603,24.94,population
55029100300,55029100300,0.99454550,2371.00,population
55029100300,55029100400,0.00545450,13.00,population
55029100400,55029100300,0.00507968,13.00,population
55029100400,55029100400,0.99491976,2546.00,population
55029100400,55029100500,0.00000056,0.00,population
55029100500,55029100400,0.00851841,28.00,population
55029100500,55029100500,0.99148159,3259.00,population
55029100600,55029100600,1.00000000,3337.00,population
55029100700,55029100700,1.00000000,4707.00,population
55029100800,55029100800,1.00000000,5263.00,population
55029100900,55029100900,1.00000000,1852.00,population
55029101000,55029101000,1.00000000,2184.00,population
55029990000,55029990000,1.00000000,0.00,area
55031020300,55031020300,1.00000000,2870.00,population
55031020400,55031020400,1.00000000,3189.00,population
55031020500,55031020500,1.00000000,3090.00,population
55031020600,55031020600,1.00000000,4438.00,population
55031020700,55031020700,0.99758862,4137.00,population
55031020700,55031030200,0.00241138,10.00,population
55031020800,55031020800,1.00000000,3477.00,population
55031020900,55031020900,1.00000000,2396.00,population
55031021000,55031021000,1.00000000,1955.00,population
55031021100,55031021100,1.00000000,2257.00,population
55031030100,55031030101,0.65399725,4085.52,population
55031030100,55031030102,0.34593137,2161.03,population
55031030100,55031030301,0.00007138,0.45,population
55031030200,55031030101,0.00059042,2.97,population
55031030200,55031030200,0.99911067,5022.53,population
55031030200,55031030301,0.00029892,1.50,population
55031030300,55031030101,0.00052039,2.64,population
55031030300,55031030200,0.00002643,0.13,population
55031030300,55031030301,0.57945116,2935.50,population
55031030300,55031030302,0.42000202,2127.73,population
55031990000,55031990000,1.00000000,0.00,area
55033970100,55033970100,1.00000000,3879.00,population
55033970200,55033970200,1.00000000,4737.00,population
55033970300,55033970300,1.00000000,5625.00,population
55033970400,55033970400,1.00000000,6094.00,population
55033970500,55033970500,1.00000000,6373.00,population
55033970600,55033970400,0.00003031,0.13,population
55033970600,55033970600,0.99900069,4123.87,population
55033970600,55033970700,0.00096899,4.00,population
55033970700,55033970700,1.00000000,6833.00,population
55033970800,55033970801,0.48981900,3031.00,population
55033970800,55033970802,0.51018100,3157.00,population
55035000100,55019950800,0.00000013,0.00,population
55035000100,55035000100,0.99999987,4817.00,population
55035000200,55035000100,0.00034241,1.65,population
55035000200,55035000200,0.99958767,4804.02,population
55035000200,55035000301,0.00006966,0.33,population
55035000200,55035001600,0.00000026,0.00,population
55035000301,55035000200,0.00002658,0.10,population
55035000301,55035000301,0.99997342,3628.90,population
55035000302,55035000302,1.00000000,6638.00,population
55035000400,55035000401,0.25154980,1826.00,population
55035000400,55035000402,0.74843313,5432.88,population
55035000400,55035000700,0.00001707,0.12,population
55035000501,55035000501,1.00000000,4864.00,population
55035000502,55035000301,0.00002823,0.13,population
55035000502,55035000502,0.99997177,4675.87,population
55035000600,55035000600,0.99979170,5105.94,population
55035000600,55035001101,0.00020830,1.06,population
55035000700,55035000700,1.00000000,4999.00,population
55035000801,55035000801,1.00000000,3544.00,population
55035000802,55035000802,1.00000000,3801.00,population
55035000803,55035000803,1.00000000,5737.00,population
55035000900,55035000900,1.00000000,4815.00,population
55035001101,55035001101,1.00000000,1939.00,population
55035001200,55035001200,1.00000000,5424.00,population
55035001300,55035001300,1.00000000,5131.00,population
55035001400,55035001401,0.44141531,3044.00,population
55035001400,55035001402,0.55858469,3852.00,population
55035001500,55035001500,1.00000000,3288.00,population
55035001600,55035001600,1.00000000,5449.00,population
55035001700,55035001700,1.00000000,5917.00,population
55037190100,55037190101,0.46792156,1218.00,population
55037190100,55037190102,0.52170572,1358.00,population
55037190100,55037190200,0.01037271,27.00,population
55037190200,55037190102,0.00439560,8.00,population
55037190200,55037190200,0.99560358,1812.00,population
55037190200,55041950100,0.00000082,0.00,population
55039040100,55039040100,1.00000000,4237.00,population
55039040200,55039040200,1.00000000,3021.00,population
55039040300,55039040300,0.99999744,5618.99,population
55039040300,55039041300,0.00000256,0.01,population
55039040400,55039040400,1.00000000,2849.00,population
55039040500,55039040500,1.00000000,3875.00,population
55039040700,55039040700,0.99997166,4262.88,population
55039040700,55039041901,0.00002834,0.12,population
55039040800,55039040800,1.00000000,4571.00,population
55039040900,55039040900,1.00000000,3263.00,population
55039041000,55039041000,1.00000000,2814.00,population
55039041100,55039041000,0.00236018,23.00,population
55039041100,55039041101,0.49644837,4837.89,population
55039041100,55039041102,0.50118009,4884.00,population
55039041100,55039041901,0.00001135,0.11,population
55039041300,55039041300,1.00000000,6573.00,population
55039041400,55039040700,0.00003196,0.19,population
55039041400,55039041400,0.99977855,5891.69,population
55039041400,55039041500,0.00000107,0.01,population
55039041400,55039041700,0.00007896,0.47,population
55039041400,55039041901,0.00010946,0.65,population
55039041500,55039041500,1.00000000,3096.00,population
55039041600,55039041600,1.00000000,6037.00,population
55039041700,55039041400,0.00019044,0.76,population
55039041700,55039041700,0.99974566,3984.99,population
55039041700,55039041800,0.00006390,0.25,population
55039041800,55039041700,0.00023994,1.16,population
55039041800,55039041800,0.99976006,4849.84,population
55039041900,55039040700,0.00000233,0.02,population
55039041900,55039041800,0.00000042,0.00,population
55039041900,55039041901,0.52378218,3760.76,population
55039041900,55039041902,0.47597411,3417.49,population
55039041900,55039042001,0.00002523,0.18,population
55039041900,55039042100,0.00000088,0.01,population
55039041900,55039042200,0.00021485,1.54,population
55039042000,55039041102,0.00043191,3.77,population
55039042000,55039041902,0.00000171,0.01,population
55039042000,55039042001,0.34537567,3010.99,population
55039042000,55039042002,0.65418617,5703.20,population
55039042000,55039042100,0.00000454,0.04,population
55039042100,55039041902,0.00005172,0.25,population
55039042100,55039042002,0.00002780,0.14,population
55039042100,55039042100,0.99992048,4926.61,population
55039042200,55039041902,0.00006082,0.37,population
55039042200,55039042200,0.99993918,6114.63,population
55041950100,55041950100,0.99999522,1259.99,population
55041950100,55041950300,0.00000478,0.01,population
55041950200,55041950200,0.99999858,2806.00,population
55041950200,55041950400,0.00000142,0.00,population
55041950300,55041950100,0.00000123,0.00,population
55041950300,55041950200,0.00153498,4.00,population
55041950300,55041950300,0.99846379,2603.99,population
55041950400,55041950100,0.00000682,0.02,population
55041950400,55041950300,0.00228137,6.00,population
55041950400,55041950400,0.99770971,2623.98,population
55041950400,55085970104,0.00000210,0.01,population
55043960100,55043960100,1.00000000,3656.00,population
55043960200,55043960200,0.99975282,4374.92,population
55043960200,55043960300,0.00024718,1.08,population
55043960300,55043960300,1.00000000,4116.00,population
55043960400,55043960400,0.99999931,3509.00,population
55043960400,55043960500,0.00000069,0.00,population
55043960500,55043960500,0.99999987,3864.00,population
55043960500,55043960800,0.00000013,0.00,population
55043960600,55043960600,1.00000000,3784.00,population
55043960700,55043960700,1.00000000,4075.00,population
55043960800,55043960800,0.99868291,3033.00,population
55043960800,55043960900,0.00131709,4.00,population
55043960900,55043960900,1.00000000,4245.00,population
55043961000,55043961000,1.00000000,7749.00,population
55043961100,55043961100,1.00000000,4462.00,population
55043961200,55043961200,1.00000000,4335.00,population
55045960100,55025012400,0.00000850,0.05,population
55045960100,55045960100,0.99999150,6378.95,population
55045960200,55045960200,1.00000000,5684.00,population
55045960300,55045960300,1.00000000,4828.00,population
55045960400,55045960300,0.00628972,27.55,population
55045960400,55045960400,0.99371028,4352.45,population
55045960500,55045960500,1.00000000,3950.00,population
55045960600,55045960600,1.00000000,3282.00,population
55045960700,55045960300,0.00059822,2.39,population
55045960700,55045960700,0.99940178,3994.61,population
55045960800,55045960800,1.00000000,4342.00,population
55047100100,55047100100,1.00000000,3208.00,population
55047100200,55047100200,1.00000000,2996.00,population
55047100300,55047100100,0.00015853,0.48,population
55047100300,55047100300,0.99984104,3038.52,population
55047100300,55047100400,0.00000044,0.00,population
55047100400,55047100400,0.99997611,2836.93,population
55047100400,55047100500,0.00002389,0.07,population
55047100500,55047100500,1.00000000,3073.00,population
55047100600,55047100600,1.00000000,3898.00,population
55049950100,55049950100,0.99999999,3753.00,population
55049950100,55049950200,0.00000001,0.00,population
55049950200,55049950200,1.00000000,3147.00,population
55049950300,55043960600,0.00000080,0.00,population
55049950300,55049950300,0.99999920,3248.00,population
55049950400,55049950400,1.00000000,5288.00,population
55049950500,55049950500,1.00000000,4755.00,population
55049950600,55049950600,1.00000000,3496.00,population
55051180100,55051180100,1.00000000,2514.00,population
55051180200,55051180100,0.05559277,83.00,population
55051180200,55051180200,0.94440723,1410.00,population
55051180300,55051180300,1.00000000,1909.00,population
55051990000,55051990000,1.00000000,0.00,area
55053960100,55053960100,0.99989886,3986.60,population
55053960100,55053960500,0.00001215,0.05,population
55053960100,55057100100,0.00008421,0.34,population
55053960100,55081950200,0.00000478,0.02,population
55053960200,55053960200,1.00000000,3293.00,population
55053960300,55019950800,0.00001013,0.04,population
55053960300,55035000100,0.00017213,0.70,population
55053960300,55053960300,0.99981336,4076.24,population
55053960300,55121100500,0.00000438,0.02,population
55053960400,55053960400,0.99976973,4267.02,population
55053960400,55063010101,0.00017327,0.74,population
55053960400,55081950200,0.00002013,0.09,population
55053960400,55121100500,0.00003687,0.16,population
55053960500,55053960500,1.00000000,4824.00,population
55055100100,55055100100,1.00000000,5794.00,population
55055100200,55055100200,1.00000000,3660.00,population
55055100300,55055100100,0.00002537,0.16,population
55055100300,55055100301,0.57807983,3648.84,population
55055100300,55055100302,0.42189480,2663.00,population
55055100400,55025011800,0.00009189,0.53,population
55055100400,55055100400,0.99990811,5815.47,population
55055100500,55055100500,0.99999556,6349.97,population
55055100500,55055100601,0.00000444,0.03,population
55055100601,55055100601,1.00000000,1535.00,population
55055100602,55055100602,0.99984543,3298.49,population
55055100602,55055101300,0.00015457,0.51,population
55055100700,55055100700,0.99951019,4627.73,population
55055100700,55055101000,0.00048981,2.27,population
55055100800,55055100800,1.00000000,4006.00,population
55055100900,55055100900,1.00000000,3868.00,population
55055101000,55055101000,1.00000000,3881.00,population
55055101100,55055101100,1.00000000,4477.00,population
55055101201,55055101201,1.00000000,2190.00,population
55055101202,55055101202,1.00000000,1612.00,population
55055101300,55055101300,1.00000000,5795.00,population
55055101400,55055101400,1.00000000,3453.00,population
55055101500,55055100900,0.00052557,2.08,population
55055101500,55055101202,0.00011915,0.47,population
55055101500,55055101500,0.99935528,3956.45,population
55055101600,55055100900,0.00000194,0.01,population
55055101600,55055101600,0.99999806,6924.99,population
55055101701,55055101701,1.00000000,1385.00,population
55055101702,55055101702,1.00000000,4739.00,population
55057100100,55057100100,1.00000000,2874.00,population
55057100200,55057100200,1.00000000,3669.00,population
55057100300,55057100301,0.39494763,1282.00,population
55057100300,55057100302,0.60505237,1964.00,population
55057100400,55001950502,0.00006970,0.36,population
55057100400,55057100400,0.99990223,5168.49,population
55057100400,55057100700,0.00002807,0.15,population
55057100500,55057100500,1.00000000,4286.00,population
55057100600,55057100600,1.00000000,3383.00,population
55057100700,55001950700,0.00000846,0.03,population
55057100700,55057100400,0.00045408,1.83,population
55057100700,55057100700,0.99953746,4035.13,population
55059000100,55059000101,0.33206239,1916.00,population
55059000100,55059000102,0.66793761,3854.00,population
55059000300,55059000300,0.99999231,4972.96,population
55059000300,55059000900,0.00000769,0.04,population
55059000400,55059000400,0.99288726,3594.25,population
55059000400,55059000501,0.00711274,25.75,population
55059000500,55059000300,0.00042864,2.26,population
55059000500,55059000501,0.53934732,2840.74,population
55059000500,55059000502,0.46022404,2424.00,population
55059000601,55059000601,1.00000000,6602.00,population
55059000602,55059000603,0.52627232,4162.81,population
55059000602,55059000604,0.47372768,3747.19,population
55059000700,55059000700,1.00000000,5530.00,population
55059000800,55059000800,1.00000000,2704.00,population
55059000900,55059000900,1.00000000,4251.00,population
55059001000,55059001000,1.00000000,2313.00,population
55059001100,55059001000,0.00020964,0.67,population
55059001100,55059001100,0.99979036,3218.33,population
55059001200,55059001200,1.00000000,4078.00,population
55059001300,55059001300,1.00000000,4136.00,population
55059001400,55059001401,0.36366181,2598.00,population
55059001400,55059001402,0.63630813,4545.79,population
55059001400,55059002604,0.00003006,0.21,population
55059001500,55059001500,1.00000000,3738.00,population
55059001600,55059001600,1.00000000,3436.00,population
55059001700,55059001700,0.99774859,2659.00,population
55059001700,55059002200,0.00225141,6.00,population
55059001800,55059001800,1.00000000,2298.00,population
55059001900,55059001900,1.00000000,2351.00,population
55059002000,55059002000,1.00000000,5870.00,population
55059002100,55059002100,1.00000000,5246.00,population
55059002200,55059002200,1.00000000,3562.00,population
55059002300,55059002300,1.00000000,5955.00,population
55059002400,55059002400,1.00000000,4720.00,population
55059002500,55059002500,1.00000000,3478.00,population
55059002601,55059002603,0.56681973,4814.00,population
55059002601,55059002604,0.43318027,3679.00,population
55059002602,55059002605,0.52418042,4509.00,population
55059002602,55059002606,0.47581958,4093.00,population
55059002700,55059002700,0.99550952,5492.23,population
55059002700,55059002906,0.00449048,24.77,population
55059002800,55059002801,0.53579565,3394.27,population
55059002800,55059002802,0.46393054,2939.00,population
55059002800,55059003001,0.00027381,1.73,population
55059002903,55059002903,1.00000000,3210.00,population
55059002904,55059002904,1.00000000,5500.00,population
55059002905,55059002905,1.00000000,3874.00,population
55059002906,55059002906,1.00000000,4884.00,population
55059003001,55059003001,1.00000000,4312.00,population
55059003002,55059003002,1.00000000,4863.00,population
55059990000,55059990000,1.00000000,0.00,area
55061960100,55061960100,1.00000000,3162.00,population
55061960200,55061960200,1.00000000,2647.00,population
55061960400,55061960401,0.56537432,4856.00,population
55061960400,55061960402,0.43381069,3726.00,population
55061960400,55061960500,0.00081500,7.00,population
55061960500,55061960401,0.01327720,82.00,population
55061960500,55061960500,0.98672280,6094.00,population
55061990000,55061990000,1.00000000,0.00,area
55063000100,55063000100,0.99977608,4710.94,population
55063000100,55063000200,0.00022392,1.06,population
55063000200,55063000200,1.00000000,5077.00,population
55063000300,55063000300,1.00000000,2292.00,population
55063000400,55063000401,0.44907239,2469.00,population
55063000400,55063000402,0.55092761,3029.00,population
55063000500,55063000500,1.00000000,4773.00,population
55063000600,55063000600,1.00000000,2142.00,population
55063000700,55063000700,1.00000000,4430.00,population
55063000800,55063000800,1.00000000,3049.00,population
55063000900,55063000900,1.00000000,3742.00,population
55063001000,55063001000,1.00000000,3790.00,population
55063001101,55063001101,1.00000000,2131.00,population
55063001102,55063001102,1.00000000,3910.00,population
55063001200,55063001200,0.99996740,4171.86,population
55063001200,55063010700,0.00003260,0.14,population
55063010101,55063010101,1.00000000,5566.00,population
55063010102,55063010102,1.00000000,4598.00,population
55063010201,55053960400,0.00000822,0.08,population
55063010201,55063010204,0.50187413,4769.31,population
55063010201,55063010205,0.49811765,4733.61,population
55063010202,55063010202,0.99899655,6681.29,population
55063010202,55063010205,0.00100345,6.71,population
55063010203,55063010203,1.00000000,1887.00,population
55063010300,55063010300,1.00000000,4488.00,population
55063010401,55063010401,1.00000000,5214.00,population
55063010402,55063010202,0.00063823,5.85,population
55063010402,55063010204,0.00005684,0.52,population
55063010402,55063010403,0.61662686,5650.15,population
55063010402,55063010404,0.38267807,3506.48,population
55063010500,55063010500,1.00000000,5761.00,population
55063010600,55063010600,1.00000000,3266.00,population
55063010700,55063010700,1.00000000,5484.00,population
55063010800,55063010800,1.00000000,3302.00,population
55065970100,55065970100,1.00000000,3035.00,population
55065970200,55065970200,1.00000000,3895.00,population
55065970300,55065970300,1.00000000,3433.00,population
55065970400,55065970400,1.00000000,3196.00,population
55065970500,55065970500,1.00000000,3277.00,population
55067960100,55067960101,0.46725860,1263.00,population
55067960100,55067960102,0.53258610,1439.58,population
55067960100,55085970103,0.00015530,0.42,population
55067960300,55067960102,0.00152672,4.00,population
55067960300,55067960300,0.99801413,2614.80,population
55067960300,55067960600,0.00045915,1.20,population
55067960400,55067960400,1.00000000,3930.00,population
55067960500,55067960400,0.00222097,4.18,population
55067960500,55067960500,0.99777903,1875.82,population
55067960600,55067960300,0.00015144,0.71,population
55067960600,55067960600,0.99984856,4717.29,population
55067960700,55067960700,1.00000000,4126.00,population
55069960100,55069960100,0.99929184,2284.38,population
55069960100,55085970103,0.00070439,1.61,population
55069960100,55085970500,0.00000378,0.01,population
55069960200,55069960100,0.00076249,2.00,population
55069960200,55069960200,0.99923751,2621.00,population
55069960300,55069960300,0.99957673,1774.25,population
55069960300,55085971100,0.00042327,0.75,population
55069960400,55069960300,0.00010983,0.21,population
55069960400,55069960400,0.99989017,1928.79,population
55069960500,55069960500,1.00000000,1832.00,population
55069960600,55069960600,1.00000000,4446.00,population
55069960700,55069960700,0.99971183,3905.87,population
55069960700,55069961000,0.00028817,1.13,population
55069960800,55069960800,1.00000000,3439.00,population
55069960900,55069960800,0.00690131,20.00,population
55069960900,55069960900,0.99309869,2878.00,population
55069961000,55069961000,1.00000000,3608.00,population
55071000100,55071000100,0.99997833,5235.89,population
55071000100,55071005400,0.00002167,0.11,population
55071000200,55071000200,1.00000000,2404.00,population
55071000300,55071000300,0.99643811,5595.00,population
55071000300,55071010500,0.00356189,20.00,population
55071000400,55071000400,1.00000000,4176.00,population
55071000500,55071000500,1.00000000,2850.00,population
55071000600,55071000600,1.00000000,5369.00,population
55071000700,55071000700,1.00000000,5901.00,population
55071000800,55071000800,1.00000000,4046.00,population
55071005100,55071005100,0.99830235,2425.87,population
55071005100,55071010100,0.00169765,4.13,population
55071005200,55071005200,1.00000000,4551.00,population
55071005300,55071005300,1.00000000,2071.00,population
55071005400,55071005200,0.00037084,1.16,population
55071005400,55071005400,0.99962916,3114.84,population
55071010100,55071005100,0.00000268,0.01,population
55071010100,55071010100,0.99999732,4506.99,population
55071010200,55071010200,0.99999067,5890.95,population
55071010200,55071010300,0.00000831,0.05,population
55071010200,55071010500,0.00000101,0.01,population
55071010300,55071010300,0.99952164,4490.85,population
55071010300,55071010400,0.00047836,2.15,population
55071010400,55071010400,0.99999711,6181.98,population
55071010400,55071010500,0.00000289,0.02,population
55071010500,55071000700,0.00000125,0.00,population
55071010500,55071010200,0.00014215,0.52,population
55071010500,55071010500,0.99985660,3635.48,population
55071010600,55071010600,0.99823633,5094.00,population
55071010600,55071010700,0.00176367,9.00,population
55071010700,55071010700,1.00000000,3865.00,population
55071990000,55071990000,1.00000000,0.00,area
55073000100,55073000100,1.00000000,3138.00,population
55073000200,55073000200,1.00000000,2932.00,population
55073000300,55073000300,0.99986600,5187.30,population
55073000300,55073001105,0.00013400,0.70,population
55073000400,55073000400,0.99942318,6146.45,population
55073000400,55073001500,0.00057682,3.55,population
55073000500,55073000500,1.00000000,2970.00,population
55073000601,55073000601,1.00000000,2066.00,population
55073000602,55073000602,1.00000000,4083.00,population
55073000700,55073000700,1.00000000,5382.00,population
55073000800,55073000700,0.00000927,0.03,population
55073000800,55073000800,0.99999073,3462.97,population
55073000900,55073000900,0.98571429,2208.00,population
55073000900,55073001104,0.01428571,32.00,population
55073001000,55073001000,1.00000000,3626.00,population
55073001102,55073001103,0.00202452,16.19,population
55073001102,55073001105,0.29621283,2368.52,population
55073001102,55073001106,0.70175255,5611.21,population
55073001102,55073001600,0.00001010,0.08,population
55073001103,55073001103,1.00000000,5083.00,population
55073001104,55073000900,0.00037881,2.24,population
55073001104,55073001000,0.00000538,0.03,population
55073001104,55073001104,0.99961582,5923.72,population
55073001201,55073001106,0.00000049,0.00,population
55073001201,55073001202,0.00003892,0.32,population
55073001201,55073001203,0.56385870,4565.00,population
55073001201,55073001204,0.43610190,3530.68,population
55073001202,55073001202,1.00000000,5321.00,population
55073001300,55073001300,1.00000000,6811.00,population
55073001400,55073001401,0.49510173,3285.00,population
55073001400,55073001402,0.50489827,3350.00,population
55073001500,55073001500,1.00000000,4134.00,population
55073001600,55073001600,1.00000000,6057.00,population
55073001700,55073001700,1.00000000,3696.00,population
55073001800,55073001700,0.00001449,0.08,population
55073001800,55073001800,0.99998551,5448.92,population
55073001900,55073001900,1.00000000,5933.00,population
55073002000,55073001800,0.00023356,0.90,population
55073002000,55073002000,0.99976620,3838.10,population
55073002000,55073002200,0.00000024,0.00,population
55073002100,55073002101,0.61154381,4397.00,population
55073002100,55073002102,0.38845619,2793.00,population
55073002200,55073002200,1.00000000,3490.00,population
55073002300,55073001402,0.00000037,0.00,population
55073002300,55073002301,0.48779467,3497.00,population
55073002300,55073002302,0.51220496,3672.00,population
55075960100,55075960100,1.00000000,3038.00,population
55075960200,55041950200,0.00000201,0.01,population
55075960200,55075960200,0.99999799,4231.99,population
55075960600,55075960600,0.99999976,2428.00,population
55075960600,55075960700,0.00000024,0.00,population
55075960700,55075960700,1.00000000,2847.00,population
55075960800,55075960800,1.00000000,2490.00,population
55075960900,55075960900,0.99999623,2757.99,population
55075960900,55075961000,0.00000377,0.01,population
55075961000,55075960900,0.00000023,0.00,population
55075961000,55075961000,0.99999977,4131.00,population
55075961100,55075961100,1.00000000,5461.00,population
55075961200,55075961200,1.00000000,2822.00,population
55075961300,55075961300,1.00000000,3080.00,population
55075961400,55075961400,1.00000000,4528.00,population
55075961500,55075961500,1.00000000,3934.00,population
55075990000,55075990000,1.00000000,0.00,area
55077960100,55077960100,1.00000000,2823.00,population
55077960200,55077960200,0.99934640,2491.37,population
55077960200,55077960300,0.00000686,0.02,population
55077960200,55077960500,0.00064674,1.61,population
55077960300,55077960200,0.00000203,0.01,population
55077960300,55077960300,0.99999797,3830.99,population
55077960400,55077960400,1.00000000,2602.00,population
55077960500,55077960500,1.00000000,3655.00,population
55078940101,55078940101,0.99272727,1365.00,population
55078940101,55078940104,0.00727273,10.00,population
55078940102,55078940101,0.00140007,4.00,population
55078940102,55078940103,0.50367518,1439.00,population
55078940102,55078940104,0.49492475,1414.00,population
55079000101,55079000101,1.00000000,4822.00,population
55079000102,55079000102,1.00000000,3507.00,population
55079000201,55079000201,1.00000000,5450.00,population
55079000202,55079000202,1.00000000,6101.00,population
55079000301,55079000301,1.00000000,1483.00,population
55079000302,55079000302,1.00000000,3028.00,population
55079000303,55079000303,0.99893219,1871.00,population
55079000303,55079000501,0.00106781,2.00,population
55079000304,55079000304,1.00000000,3382.00,population
55079000400,55079000400,1.00000000,2439.00,population
55079000501,55079000501,1.00000000,3450.00,population
55079000502,55079000502,1.00000000,4878.00,population
55079000600,55079000600,1.00000000,6290.00,population
55079000700,55079000700,1.00000000,3580.00,population
55079000800,55079000800,1.00000000,5129.00,population
55079000900,55079000900,1.00000000,3694.00,population
55079001000,55079001000,0.99969277,3652.88,population
55079001000,55079060200,0.00030723,1.12,population
55079001100,55079001100,1.00000000,2800.00,population
55079001200,55079001200,1.00000000,2985.00,population
55079001300,55079001300,1.00000000,3733.00,population
55079001400,55079001400,1.00000000,2595.00,population
55079001500,55079001500,1.00000000,3173.00,population
55079001600,55079001600,1.00000000,2990.00,population
55079001700,55079001700,1.00000000,4458.00,population
55079001800,55079001800,1.00000000,3153.00,population
55079001900,55079001900,1.00000000,3518.00,population
55079002000,55079002000,1.00000000,2470.00,population
55079002100,55079002100,1.00000000,2474.00,population
55079002200,55079002200,0.99903388,1788.27,population
55079002200,55079060200,0.00096612,1.73,population
55079002300,55079002300,1.00000000,4406.00,population
55079002400,55079002400,1.00000000,2244.00,population
55079002500,55079002500,1.00000000,2195.00,population
55079002600,55079002600,1.00000000,2829.00,population
55079002700,55079002700,1.00000000,1995.00,population
55079002800,55079002800,1.00000000,2252.00,population
55079002900,55079002900,1.00000000,2179.00,population
55079003000,55079003000,1.00000000,3782.00,population
55079003100,55079003100,1.00000000,3572.00,population
55079003200,55079003200,1.00000000,2819.00,population
55079003300,55079003300,1.00000000,5182.00,population
55079003400,55079003400,0.99971164,5531.40,population
55079003400,55079090100,0.00028836,1.60,population
55079003500,55079003500,1.00000000,3410.00,population
55079003600,55079003600,1.00000000,1893.00,population
55079003700,55079003700,1.00000000,2315.00,population
55079003800,55079003800,1.00000000,2196.00,population
55079003900,55079003900,1.00000000,2630.00,population
55079004000,55079004000,1.00000000,2662.00,population
55079004100,55079004100,1.00000000,2565.00,population
55079004200,55079004200,1.00000000,3047.00,population
55079004300,55079002300,0.00000434,0.02,population
55079004300,55079004300,0.99972992,5347.56,population
55079004300,55079060200,0.00026575,1.42,population
55079004400,55079004400,1.00000000,3333.00,population
55079004500,55079004500,1.00000000,2478.00,population
55079004600,55079004600,1.00000000,2984.00,population
55079004700,55079004700,1.00000000,4021.00,population
55079004800,55079004800,1.00000000,4002.00,population
55079004900,55079004900,1.00000000,4506.00,population
55079005000,55079005000,1.00000000,4707.00,population
55079005100,55079005100,1.00000000,3401.00,population
55079005200,55079005200,1.00000000,1657.00,population
55079005300,55079005300,1.00000000,1920.00,population
55079005400,55079005400,1.00000000,3690.00,population
55079005500,55079005500,1.00000000,3318.00,population
55079005600,55079005600,1.00000000,2198.00,population
55079005700,55079005700,1.00000000,2371.00,population
55079005800,55079005800,1.00000000,3430.00,population
55079005900,55079005900,1.00000000,3614.00,population
55079006000,55079006000,1.00000000,2658.00,population
55079006100,55079006100,1.00000000,2320.00,population
55079006200,55079006200,1.00000000,2923.00,population
55079006300,55079006300,1.00000000,2462.00,population
55079006400,55079006400,1.00000000,2510.00,population
55079006500,55079006500,1.00000000,2628.00,population
55079006600,55079006600,1.00000000,3053.00,population
55079006700,55079006700,1.00000000,1492.00,population
55079006800,55079006800,1.00000000,2813.00,population
55079006900,55079006900,1.00000000,2585.00,population
55079007000,55079007000,1.00000000,3020.00,population
55079007100,55079007100,1.00000000,1912.00,population
55079007200,55079007200,1.00000000,2791.00,population
55079007300,55079007300,1.00000000,2477.00,population
55079007400,55079007400,1.00000000,4122.00,population
55079007500,55079007500,1.00000000,2706.00,population
55079007600,55079007600,1.00000000,3275.00,population
55079007700,55079007700,1.00000000,3807.00,population
55079007800,55079007800,1.00000000,3446.00,population
55079007900,55079007900,1.00000000,2224.00,population
55079008000,55079008000,1.00000000,1951.00,population
55079008100,55079008100,1.00000000,1331.00,population
55079008400,55079008400,1.00000000,1315.00,population
55079008500,55079008500,1.00000000,1309.00,population
55079008600,55079008600,1.00000000,1500.00,population
55079008700,55079008700,1.00000000,1410.00,population
55079008800,55079008800,1.00000000,2121.00,population
55079008900,55079008900,1.00000000,1462.00,population
55079009000,55079009000,1.00000000,2544.00,population
55079009100,55079009100,1.00000000,2425.00,population
55079009200,55079009200,1.00000000,1901.00,population
55079009300,55079009300,1.00000000,2535.00,population
55079009400,55079009400,1.00000000,2423.00,population
55079009500,55079009500,1.00000000,2121.00,population
55079009600,55079009600,1.00000000,2317.00,population
55079009700,55079009700,1.00000000,1939.00,population
55079009800,55079009800,1.00000000,1433.00,population
55079009900,55079009900,1.00000000,1458.00,population
55079010600,55079010600,1.00000000,1192.00,population
55079010700,55079010700,1.00000000,2208.00,population
55079010800,55079010800,1.00000000,2469.00,population
55079011000,55079011000,1.00000000,3428.00,population
55079011100,55079011100,1.00000000,1481.00,population
55079011200,55079011200,1.00000000,2219.00,population
55079011300,55079011300,1.00000000,1829.00,population
55079011400,55079011400,1.00000000,1137.00,population
55079012200,55079012200,1.00000000,2557.00,population
55079012300,55079012300,1.00000000,1122.00,population
55079012400,55079012400,1.00000000,2592.00,population
55079012500,55079012500,1.00000000,2014.00,population
55079012600,55079012600,0.99896389,2166.75,population
55079012600,55079091300,0.00103611,2.25,population
55079012700,55079012700,1.00000000,1189.00,population
55079012800,55079012800,1.00000000,2958.00,population
55079012900,55079012900,1.00000000,2942.00,population
55079013000,55079013000,1.00000000,1800.00,population
55079013300,55079013300,1.00000000,1066.00,population
55079013400,55079013400,1.00000000,2335.00,population
55079013500,55079013500,1.00000000,1911.00,population
55079013600,55079013600,1.00000000,2489.00,population
55079013700,55079013700,1.00000000,1578.00,population
55079014100,55079014100,1.00000000,1551.00,population
55079014300,55079014300,1.00000000,2297.00,population
55079014400,55079014400,1.00000000,2612.00,population
55079014600,55079014600,1.00000000,3946.00,population
55079014700,55079014700,1.00000000,3291.00,population
55079014800,55079014800,1.00000000,2403.00,population
55079014900,55079014900,1.00000000,1483.00,population
55079015700,55079015700,1.00000000,3231.00,population
55079015800,55079015800,1.00000000,3058.00,population
55079015900,55079015900,1.00000000,3819.00,population
55079016000,55079016000,1.00000000,3310.00,population
55079016100,55079016100,1.00000000,3574.00,population
55079016200,55079016200,1.00000000,3366.00,population
55079016300,55079016300,1.00000000,5124.00,population
55079016400,55079016300,0.00024890,1.23,population
55079016400,55079016400,0.99975110,4946.77,population
55079016500,55079016500,1.00000000,2695.00,population
55079016600,55079016600,1.00000000,2313.00,population
55079016700,55079016700,1.00000000,3355.00,population
55079016800,55079016800,1.00000000,3450.00,population
55079016900,55079016900,1.00000000,4130.00,population
55079017000,55079017000,1.00000000,6112.00,population
55079017100,55079017100,1.00000000,2937.00,population
55079017200,55079017200,1.00000000,2509.00,population
55079017300,55079017300,1.00000000,3894.00,population
55079017400,55079017400,1.00000000,2953.00,population
55079017500,55079017500,1.00000000,4185.00,population
55079017600,55079017600,1.00000000,3195.00,population
55079017900,55079017900,0.99900100,3000.00,population
55079017900,55079018300,0.00099900,3.00,population
55079018000,55079018000,1.00000000,2749.00,population
55079018100,55079018100,1.00000000,1637.00,population
55079018200,55079018200,1.00000000,1608.00,population
55079018300,55079018300,1.00000000,2344.00,population
55079018400,55079018400,1.00000000,1404.00,population
55079018500,55079018500,1.00000000,1633.00,population
55079018600,55079018600,1.00000000,3000.00,population
55079018700,55079018700,1.00000000,3876.00,population
55079018800,55079018800,1.00000000,2066.00,population
55079018900,55079018900,1.00000000,1635.00,population
55079019000,55079019000,1.00000000,4545.00,population
55079019100,55079019100,0.99970831,3582.95,population
55079019100,55079120300,0.00029169,1.05,population
55079019200,55079019200,1.00000000,3186.00,population
55079019300,55079019300,1.00000000,2557.00,population
55079019400,55079019400,1.00000000,3732.00,population
55079019500,55079019500,0.99905118,3346.82,population
55079019500,55079120102,0.00094882,3.18,population
55079019600,55079019600,1.00000000,3616.00,population
55079019700,55079019700,1.00000000,5344.00,population
55079019800,55079019800,1.00000000,4913.00,population
55079019900,55079019900,0.98604108,3430.44,population
55079019900,55079120300,0.00131161,4.56,population
55079019900,55079120400,0.01264731,44.00,population
55079020000,55079020000,1.00000000,3411.00,population
55079020100,55079020100,1.00000000,3529.00,population
55079020200,55079020200,1.00000000,3024.00,population
55079020300,55079020300,1.00000000,3773.00,population
55079020400,55079020400,1.00000000,3216.00,population
55079020500,55079020500,1.00000000,2921.00,population
55079020600,55079020600,1.00000000,3525.00,population
55079020700,55079020700,1.00000000,4311.00,population
55079020800,55079020800,0.99800598,3003.00,population
55079020800,55079185100,0.00199402,6.00,population
55079020900,55079020900,1.00000000,2553.00,population
55079021000,55079021000,1.00000000,2189.00,population
55079021100,55079021100,1.00000000,1364.00,population
55079021200,55079021200,1.00000000,2097.00,population
55079021300,55079021300,1.00000000,1631.00,population
55079021400,55079021400,1.00000000,3288.00,population
55079021500,55079021500,1.00000000,2824.00,population
55079021600,55079021600,1.00000000,4365.00,population
55079021700,55079021700,0.99998257,6141.89,population
55079021700,55079160102,0.00001743,0.11,population
55079021800,55079021800,0.98740441,2195.00,population
55079021800,55079120502,0.01259559,28.00,population
55079030100,55079030100,0.99952124,4297.94,population
55079030100,55079035100,0.00047876,2.06,population
55079035100,55079035100,0.99948937,2255.85,population
55079035100,55079060101,0.00008545,0.19,population
55079035100,55079070100,0.00042518,0.96,population
55079035200,55079035200,0.97925997,4343.02,population
55079035200,55079040100,0.01595470,70.76,population
55079035200,55079060101,0.00478533,21.22,population
55079040100,55079030100,0.00472901,7.55,population
55079040100,55079040100,0.99262298,1585.22,population
55079040100,55079060101,0.00264423,4.22,population
55079040100,55079060102,0.00000379,0.01,population
55079050101,55079050101,1.00000000,5990.00,population
55079050102,55079040100,0.00001481,0.09,population
55079050102,55079050103,0.56380612,3387.91,population
55079050102,55079050104,0.43617906,2621.00,population
55079060101,55079035200,0.00222883,9.00,population
55079060101,55079040100,0.01327283,53.60,population
55079060101,55079060101,0.98449834,3975.40,population
55079060102,55079060102,1.00000000,3138.00,population
55079060200,55079001000,0.00025146,1.43,population
55079060200,55079060200,0.99935024,5701.29,population
55079060200,55079070100,0.00039830,2.27,population
55079070100,55079035100,0.00031796,1.39,population
55079070100,55079060101,0.00108139,4.73,population
55079070100,55079060200,0.00721731,31.56,population
55079070100,55079070100,0.99138334,4335.32,population
55079070200,55079035100,0.00218201,11.29,population
55079070200,55079070200,0.99685124,5155.71,population
55079070200,55079080200,0.00096674,5.00,population
55079070300,55079004400,0.00342364,15.55,population
55079070300,55079060200,0.01021352,46.38,population
55079070300,55079070300,0.98636284,4479.07,population
55079080100,55079070200,0.00447761,12.00,population
55079080100,55079070300,0.00522388,14.00,population
55079080100,55079080100,0.99029851,2654.00,population
55079080200,55079080200,1.00000000,3368.00,population
55079080300,55079070200,0.00077240,3.00,population
55079080300,55079080300,0.99922760,3881.00,population
55079080400,55079007300,0.00107129,3.49,population
55079080400,55079080400,0.99892871,3250.51,population
55079090100,55079003400,0.00384485,17.52,population
55079090100,55079090100,0.99615515,4540.48,population
55079090200,55079005500,0.01083110,19.50,population
55079090200,55079090200,0.98916890,1780.50,population
55079090300,55079005500,0.00018283,0.60,population
55079090300,55079005600,0.00002359,0.08,population
55079090300,55079090300,0.99979359,3296.32,population
55079090600,55079090600,0.99951172,4639.73,population
55079090600,55079100800,0.00048828,2.27,population
55079090700,55079090700,1.00000000,3159.00,population
55079090800,55079090800,1.00000000,2363.00,population
55079090900,55079090900,1.00000000,3837.00,population
55079091000,55079091000,1.00000000,4438.00,population
55079091100,55079091100,1.00000000,4250.00,population
55079091200,55079091200,1.00000000,4699.00,population
55079091300,55079091300,1.00000000,3737.00,population
55079091400,55079091400,1.00000000,2195.00,population
55079100100,55079013000,0.00503967,18.61,population
55079100100,55079100100,0.99496033,3674.39,population
55079100200,55079012900,0.00054777,2.04,population
55079100200,55079013000,0.00054122,2.02,population
55079100200,55079100200,0.99891101,3719.94,population
55079100300,55079100300,1.00000000,3067.00,population
55079100400,55079012700,0.00000039,0.00,population
55079100400,55079100400,0.99999961,2801.00,population
55079100500,55079100500,1.00000000,3557.00,population
55079100600,55079012800,0.00064149,1.35,population
55079100600,55079100600,0.99935851,2101.65,population
55079100700,55079012800,0.00861571,24.42,population
55079100700,55079100700,0.99138429,2809.58,population
55079100800,55079100800,1.00000000,2975.00,population
55079100900,55079100900,1.00000000,3662.00,population
55079101000,55079101000,1.00000000,5121.00,population
55079101100,55079101100,1.00000000,1812.00,population
55079101200,55079101200,1.00000000,3240.00,population
55079101300,55079101300,1.00000000,3142.00,population
55079101400,55079101400,1.00000000,3660.00,population
55079101500,55079101500,1.00000000,4420.00,population
55079101600,55079019300,0.00123891,5.68,population
55079101600,55079101600,0.99876109,4576.32,population
55079101700,55079101700,1.00000000,3369.00,population
55079101800,55079101800,1.00000000,2649.00,population
55079110100,55079017100,0.00902230,38.84,population
55079110100,55079017200,0.01397422,60.16,population
55079110100,55079019000,0.00001708,0.07,population
55079110100,55079110100,0.97698641,4205.93,population
55079120101,55079120101,0.99979727,3952.20,population
55079120101,55079130100,0.00020273,0.80,population
55079120102,55079120102,1.00000000,3891.00,population
55079120201,55079120201,1.00000000,3606.00,population
55079120202,55079019900,0.01536676,48.76,population
55079120202,55079120202,0.98463324,3124.24,population
55079120203,55079120203,0.99975868,3528.15,population
55079120203,55079140100,0.00024132,0.85,population
55079120300,55079019100,0.00106291,2.11,population
55079120300,55079019900,0.00352290,7.00,population
55079120300,55079120300,0.99541419,1977.89,population
55079120400,55079019900,0.02489059,182.00,population
55079120400,55079020000,0.00082057,6.00,population
55079120400,55079021300,0.00033634,2.46,population
55079120400,55079021400,0.00002320,0.17,population
55079120400,55079120400,0.97392930,7121.37,population
55079120501,55079120501,1.00000000,3960.00,population
55079120502,55079120502,1.00000000,5246.00,population
55079130100,55079120101,0.00081731,3.98,population
55079130100,55079130100,0.99918269,4865.02,population
55079130200,55079130200,1.00000000,2822.00,population
55079140100,55079120203,0.00018643,0.56,population
55079140100,55079140100,0.99975562,2998.27,population
55079140100,55079150304,0.00005795,0.17,population
55079140201,55079140201,1.00000000,5235.00,population
55079140202,55079140202,1.00000000,5812.00,population
55079150100,55079140202,0.00218402,19.60,population
55079150100,55079150100,0.99781598,8952.40,population
55079150301,55079130200,0.00078397,4.63,population
55079150301,55079150301,0.99631471,5884.23,population
55079150301,55079150303,0.00135089,7.98,population
55079150301,55079150304,0.00155043,9.16,population
55079150303,55079150303,1.00000000,4856.00,population
55079150304,55079150304,1.00000000,4041.00,population
55079160100,55079160101,0.60232843,3932.00,population
55079160100,55079160102,0.39767157,2596.00,population
55079160202,55079160202,1.00000000,7310.00,population
55079160203,55079160203,1.00000000,6069.00,population
55079160204,55079160205,0.64167674,3184.00,population
55079160204,55079160206,0.35832326,1778.00,population
55079160300,55079160301,0.55145064,5284.00,population
55079160300,55079160302,0.44854936,4298.00,population
55079170100,55079170100,1.00000000,2689.00,population
55079170200,55079170200,1.00000000,3869.00,population
55079170300,55079170300,1.00000000,2662.00,population
55079170400,55079170400,1.00000000,3362.00,population
55079170500,55079170500,1.00000000,2471.00,population
55079170600,55079170600,1.00000000,3384.00,population
55079170700,55079170700,1.00000000,2719.00,population
55079180100,55079180100,1.00000000,3029.00,population
55079180200,55079180200,1.00000000,4536.00,population
55079180300,55079180300,0.99968299,3369.93,population
55079180300,55079185200,0.00031701,1.07,population
55079180400,55079180400,1.00000000,2735.00,population
55079180500,55079180500,1.00000000,4596.00,population
55079185100,55079185100,1.00000000,4210.00,population
55079185200,55079020700,0.00163299,8.41,population
55079185200,55079180300,0.00250513,12.90,population
55079185200,55079185200,0.99586188,5127.69,population
55079185300,55079090600,0.00349040,12.00,population
55079185300,55079185300,0.99650960,3426.00,population
55079185400,55079185400,1.00000000,1639.00,population
55079185500,55079185500,1.00000000,1709.00,population
55079185600,55079185600,1.00000000,1776.00,population
55079185700,55079185700,1.00000000,2124.00,population
55079185800,55079185800,1.00000000,1606.00,population
55079185900,55079185900,1.00000000,1213.00,population
55079186000,55079186000,1.00000000,1451.00,population
55079186100,55079186100,1.00000000,2275.00,population
55079186200,55079186200,1.00000000,1422.00,population
55079186300,55079186300,1.00000000,3268.00,population
55079186400,55079186400,1.00000000,1643.00,population
55079186500,55079186500,1.00000000,1667.00,population
55079186600,55079186600,1.00000000,2152.00,population
55079186800,55079012500,0.00000756,0.01,population
55079186800,55079186800,0.99999244,1613.99,population
55079186900,55079186900,1.00000000,2213.00,population
55079187000,55079187000,1.00000000,3288.00,population
55079187200,55079187200,1.00000000,5384.00,population
55079187300,55079187300,1.00000000,6293.00,population
55079187400,55079187400,1.00000000,2341.00,population
55079980000,55079186900,0.00238387,0.00,area
55079980000,55079980000,0.99761613,0.00,area
55079990000,55079990000,1.00000000,0.00,area
55081950100,55053960100,0.00000705,0.03,population
55081950100,55081950100,0.99951346,4560.78,population
55081950100,55081950700,0.00047949,2.19,population
55081950200,55081950200,1.00000000,4892.00,population
55081950300,55081950300,1.00000000,6117.00,population
55081950400,55081950400,1.00000000,4610.00,population
55081950500,55081950500,1.00000000,5769.00,population
55081950600,55081950600,1.00000000,4321.00,population
55081950700,55081950700,1.00000000,4511.00,population
55081950800,55081950200,0.00001859,0.08,population
55081950800,55081950800,0.99998122,4420.92,population
55081950800,55081950900,0.00000019,0.00,population
55081950900,55081950900,0.99999884,5468.99,population
55081950900,55123960300,0.00000116,0.01,population
55083100300,55083100300,0.99998647,2755.96,population
55083100300,55083100500,0.00001353,0.04,population
55083100500,55083100500,1.00000000,2218.00,population
55083100600,55083100600,1.00000000,2828.00,population
55083100700,55083100700,0.99831252,2958.00,population
55083100700,55083100800,0.00168748,5.00,population
55083100800,55083100500,0.00717990,18.00,population
55083100800,55083100800,0.98330036,2465.13,population
55083100800,55083101100,0.00632867,15.87,population
55083100800,55083101200,0.00319107,8.00,population
55083100900,55083100900,1.00000000,2924.00,population
55083101000,55083101000,1.00000000,3939.00,population
55083101100,55083100800,0.00003886,0.18,population
55083101100,55083101100,0.99996114,4587.82,population
55083101200,55083100800,0.00313102,13.00,population
55083101200,55083101200,0.99686898,4139.00,population
55083101300,55083101301,0.51439954,4519.00,population
55083101300,55083101302,0.48560046,4266.00,population
55083990000,55083990000,1.00000000,0.00,area
55085970101,55085970101,0.99961247,1553.40,population
55085970101,55125950202,0.00000782,0.01,population
55085970101,55125950502,0.00037971,0.59,population
55085970102,55041950100,0.00000022,0.00,population
55085970102,55041950400,0.00000006,0.00,population
55085970102,55085970103,0.28712418,1041.97,population
55085970102,55085970104,0.71285927,2586.97,population
55085970102,55125950502,0.00001628,0.06,population
55085970400,55085970400,1.00000000,3026.00,population
55085970500,55085970500,0.99472829,1751.72,population
55085970500,55085970601,0.00527171,9.28,population
55085970601,55085970601,1.00000000,1927.00,population
55085970602,55085970603,0.53831778,1970.78,population
55085970602,55085970604,0.46125443,1688.65,population
55085970602,55085971500,0.00033286,1.22,population
55085970602,55125950501,0.00004204,0.15,population
55085970602,55125950502,0.00005289,0.19,population
55085970800,55085970800,1.00000000,2390.00,population
55085970900,55085970900,0.99996265,2362.91,population
55085970900,55085971300,0.00003735,0.09,population
55085971001,55085971001,1.00000000,1181.00,population
55085971002,55085971002,1.00000000,2337.00,population
55085971100,55069960300,0.00007527,0.15,population
55085971100,55085971100,0.99992473,2005.85,population
55085971300,55085970800,0.00004542,0.09,population
55085971300,55085971300,0.99995458,1874.91,population
55085971400,55085971400,1.00000000,3668.00,population
55085971500,55085971500,1.00000000,4620.00,population
55087010100,55087010100,0.99999599,2761.99,population
55087010100,55087010300,0.00000401,0.01,population
55087010200,55087010200,1.00000000,4048.00,population
55087010300,55087010300,1.00000000,2391.00,population
55087010500,55087010501,0.57732402,2569.67,population
55087010500,55087010502,0.42260166,1881.00,population
55087010500,55087011501,0.00007432,0.33,population
55087010601,55087010601,1.00000000,3629.00,population
55087010602,55087010602,1.00000000,3971.00,population
55087010700,55087010700,1.00000000,4339.00,population
55087010800,55087010800,1.00000000,1557.00,population
55087010900,55087010900,1.00000000,2134.00,population
55087011000,55087010502,0.02806708,159.00,population
55087011000,55087010900,0.01500441,85.00,population
55087011000,55087011001,0.48067079,2723.00,population
55087011000,55087011002,0.47625772,2698.00,population
55087011101,55087011101,1.00000000,4971.00,population
55087011102,55087011103,0.51119986,3734.32,population
55087011102,55087011104,0.48880014,3570.68,population
55087011200,55087011200,1.00000000,2912.00,population
55087011300,55087011300,1.00000000,3008.00,population
55087011400,55087011400,1.00000000,5306.00,population
55087011501,55087011501,1.00000000,3353.00,population
55087011502,55087011502,1.00000000,4496.00,population
55087011600,55087010601,0.00181266,11.88,population
55087011600,55087010602,0.00010607,0.69,population
55087011600,55087011600,0.99808127,6539.43,population
55087011700,55087011700,1.00000000,2605.00,population
55087011800,55087011800,0.93635501,1715.40,population
55087011800,55087011902,0.06364499,116.60,population
55087011900,55087011800,0.03592186,285.65,population
55087011900,55087011901,0.39323441,3127.00,population
55087011900,55087011902,0.57084373,4539.35,population
55087012000,55087011700,0.00001298,0.08,population
55087012000,55087012000,0.99998702,6542.92,population
55087012100,55087012101,0.46020806,3539.00,population
55087012100,55087012102,0.53979194,4151.00,population
55087012200,55087012200,0.99932908,1950.69,population
55087012200,55087013300,0.00067092,1.31,population
55087012300,55087012300,1.00000000,1647.00,population
55087012400,55087011902,0.00226074,6.00,population
55087012400,55087012400,0.99773926,2648.00,population
55087012503,55087012503,1.00000000,3654.00,population
55087012504,55087012504,0.99999129,3030.97,population
55087012504,55087012904,0.00000871,0.03,population
55087012505,55087012505,1.00000000,3094.00,population
55087012506,55087012506,1.00000000,4078.00,population
55087012601,55087012603,0.53500011,4458.16,population
55087012601,55087012604,0.46499989,3874.84,population
55087012602,55087012602,1.00000000,4707.00,population
55087012700,55087012700,0.99999820,6281.99,population
55087012700,55087013200,0.00000180,0.01,population
55087012800,55087012800,1.00000000,7399.00,population
55087012901,55087012903,0.54376569,3249.00,population
55087012901,55087012904,0.45623431,2726.00,population
55087012902,55087012902,1.00000000,3425.00,population
55087013100,55087013100,1.00000000,5814.00,population
55087013200,55087012700,0.00000267,0.01,population
55087013200,55087013200,0.99999733,3948.99,population
55087013300,55087012101,0.00030530,2.00,population
55087013300,55087013300,0.99969470,6549.00,population
55087940000,55087940000,1.00000000,4678.00,population
55089610101,55089610101,0.99998868,4330.95,population
55089610101,55089620100,0.00001132,0.05,population
55089610102,55089610102,1.00000000,3660.00,population
55089620100,55089610101,0.00000026,0.00,population
55089620100,55089620100,0.99999974,6079.00,population
55089630100,55089630100,0.99965037,2654.07,population
55089630100,55089630201,0.00034963,0.93,population
55089630201,55089630100,0.00042455,2.01,population
55089630201,55089630201,0.99957545,4740.99,population
55089630202,55089630201,0.00011907,0.62,population
55089630202,55089630202,0.99988093,5201.38,population
55089640100,55089640101,0.48157895,2745.00,population
55089640100,55089640102,0.51841702,2954.98,population
55089640100,55089650104,0.00000403,0.02,population
55089640200,55089640201,0.23170732,1805.00,population
55089640200,55089640202,0.76829268,5985.00,population
55089650101,55089650103,0.34444203,2244.38,population
55089650101,55089650104,0.65555797,4271.62,population
55089650102,55089650102,1.00000000,2761.00,population
55089650200,55089650200,0.99910415,5033.49,population
55089650200,55089660202,0.00089585,4.51,population
55089650300,55089650300,1.00000000,5371.00,population
55089660100,55089660100,0.95757336,3097.75,population
55089660100,55089660202,0.04159883,134.57,population
55089660100,55089660301,0.00082781,2.68,population
55089660201,55089660201,1.00000000,3954.00,population
55089660202,55089650200,0.01702356,96.66,population
55089660202,55089660202,0.98297644,5581.34,population
55089660301,55089660301,1.00000000,5699.00,population
55089660303,55089660301,0.00002297,0.11,population
55089660303,55089660303,0.99997703,4821.89,population
55089660304,55089660304,1.00000000,3161.00,population
55089990000,55089990000,1.00000000,0.00,area
55091950100,55091950100,1.00000000,4051.00,population
55091950200,55091950200,1.00000000,3418.00,population
55093960100,55093960100,0.99788545,2836.99,population
55093960100,55093960800,0.00211045,6.00,population
55093960100,55109120700,0.00000411,0.01,population
55093960200,55093960200,1.00000000,5996.00,population
55093960300,55093960300,0.99935983,5663.37,population
55093960300,55109120901,0.00064017,3.63,population
55093960400,55093960400,1.00000000,5192.00,population
55093960500,55093960400,0.03130908,247.09,population
55093960500,55093960500,0.96869092,7644.91,population
55093960600,55093960600,1.00000000,4857.00,population
55093960700,55093960200,0.00492409,24.00,population
55093960700,55093960700,0.99507591,4850.00,population
55093960800,55093960800,1.00000000,3698.00,population
55095960100,55095960100,1.00000000,3722.00,population
55095960200,55095960200,1.00000000,3796.00,population
55095960300,55095960301,0.34702063,1817.00,population
55095960300,55095960302,0.42627960,2232.00,population
55095960300,55095960303,0.22669977,1187.00,population
55095960500,55095960303,0.01084378,32.00,population
55095960500,55095960500,0.98915622,2919.00,population
55095960600,55095960600,1.00000000,2344.00,population
55095960700,55095960701,0.65776362,3817.00,population
55095960700,55095960702,0.34223638,1986.00,population
55095960800,55095960800,1.00000000,6465.00,population
55095960900,55095960800,0.00000023,0.00,population
55095960900,55095960901,0.57507229,2999.00,population
55095960900,55095960902,0.42492748,2216.00,population
55095961000,55095960902,0.01510701,72.00,population
55095961000,55095961000,0.98489299,4694.00,population
55095961100,55095961100,1.00000000,3907.00,population
55097960100,55097960100,0.99510277,4472.99,population
55097960100,55097960200,0.00489433,22.00,population
55097960100,55135100200,0.00000291,0.01,population
55097960200,55097960100,0.00572687,26.00,population
55097960200,55097960200,0.99427313,4514.00,population
55097960300,55097960300,1.00000000,3918.00,population
55097960400,55097960400,1.00000000,7212.00,population
55097960500,55097960500,0.99999976,6987.00,population
55097960500,55097960702,0.00000024,0.00,population
55097960600,55097960600,1.00000000,5249.00,population
55097960701,55097960701,0.99870009,5378.00,population
55097960701,55097960702,0.00129991,7.00,population
55097960702,55097960702,1.00000000,3360.00,population
55097960800,55097960800,0.99585843,5290.00,population
55097960800,55097960900,0.00414157,22.00,population
55097960900,55097960800,0.00258446,8.84,population
55097960900,55097960900,0.99741554,3411.16,population
55097961000,55097960300,0.11115147,306.00,population
55097961000,55097961000,0.87843938,2418.34,population
55097961000,55097961102,0.01040915,28.66,population
55097961100,55097961101,0.51257712,3240.00,population
55097961100,55097961102,0.48742288,3081.00,population
55097961200,55097961200,1.00000000,6036.00,population
55097961300,55097961300,1.00000000,5031.00,population
55099970100,55085971002,0.00000245,0.01,population
55099970100,55099970100,0.99999755,2663.99,population
55099970200,55099970200,1.00000000,2740.00,population
55099970400,55099970400,1.00000000,1861.00,population
55099970500,55099970500,1.00000000,2112.00,population
55099970600,55099970600,1.00000000,2268.00,population
55099970700,55099970700,1.00000000,2514.00,population
55101000100,55101002900,1.00000000,918.00,population
55101000200,55101000200,1.00000000,5962.00,population
55101000300,55101002900,1.00000000,3648.00,population
55101000400,55101000400,1.00000000,3924.00,population
55101000500,55101000500,1.00000000,5269.00,population
55101000600,55101000600,1.00000000,5515.00,population
55101000700,55101000700,1.00000000,5608.00,population
55101000800,55101000800,1.00000000,4531.00,population
55101000901,55101000901,1.00000000,3783.00,population
55101000903,55101000903,1.00000000,4093.00,population
55101000904,55101000904,1.00000000,5392.00,population
55101001001,55101001001,1.00000000,2705.00,population
55101001002,55101001002,1.00000000,2635.00,population
55101001003,55101001003,1.00000000,3800.00,population
55101001100,55101001101,0.61789406,3826.00,population
55101001100,55101001102,0.38210594,2366.00,population
55101001201,55101001201,0.99995227,3743.82,population
55101001201,55101001202,0.00004773,0.18,population
55101001202,55101001202,1.00000000,6512.00,population
55101001301,55101001301,1.00000000,3609.00,population
55101001302,55101001302,1.00000000,3997.00,population
55101001400,55101001401,0.50430778,3395.00,population
55101001400,55101001402,0.49557352,3336.20,population
55101001400,55101001505,0.00011870,0.80,population
55101001501,55101001501,1.00000000,3779.00,population
55101001502,55101001506,0.58345080,4139.00,population
55101001502,55101001507,0.41654920,2955.00,population
55101001504,55101001504,1.00000000,2781.00,population
55101001505,55101001505,1.00000000,4432.00,population
55101001601,55101001601,0.99886245,6047.11,population
55101001601,55101001703,0.00000133,0.01,population
55101001601,55101001900,0.00113623,6.88,population
55101001602,55101001602,0.99945897,2947.40,population
55101001602,55101001705,0.00054103,1.60,population
55101001701,55101001701,1.00000000,3445.00,population
55101001702,55101001701,0.00067002,4.49,population
55101001702,55101001702,0.99932998,6702.51,population
55101001703,55101001703,1.00000000,4371.00,population
55101001705,55101001602,0.00019879,1.06,population
55101001705,55101001705,0.99980121,5335.94,population
55101001706,55101001706,1.00000000,3675.00,population
55101001801,55101001801,1.00000000,5198.00,population
55101001802,55101001802,0.99981059,2787.47,population
55101001802,55101001900,0.00018941,0.53,population
55101001900,55101001900,1.00000000,3870.00,population
55101002001,55101002001,1.00000000,2987.00,population
55101002002,55101002002,1.00000000,4961.00,population
55101002100,55101001801,0.00009684,0.32,population
55101002100,55101002100,0.99990316,3323.68,population
55101002401,55101002401,1.00000000,5727.00,population
55101002402,55101002402,1.00000000,5116.00,population
55101002600,55101002600,1.00000000,5739.00,population
55101002701,55101002701,1.00000000,4048.00,population
55101002702,55101002002,0.00000018,0.00,population
55101002702,55101002702,0.99999982,5839.00,population
55101002800,55101002800,1.00000000,5891.00,population
55101980000,55101980000,1.00000000,727.00,population
55101990000,55101990000,1.00000000,0.00,area
55103970100,55103970100,1.00000000,2858.00,population
55103970200,55103970200,1.00000000,4911.00,population
55103970300,55103970300,1.00000000,2428.00,population
55103970400,55103970400,1.00000000,3584.00,population
55103970500,55103970500,1.00000000,4240.00,population
55105000100,55105000100,1.00000000,897.00,population
55105000200,55105000200,1.00000000,2864.00,population
55105000300,55105000300,1.00000000,2705.00,population
55105000400,55105000400,1.00000000,3736.00,population
55105000500,55105000500,0.99993924,4286.74,population
55105000500,55105001202,0.00006076,0.26,population
55105000600,55105000600,1.00000000,3295.00,population
55105000700,55105000700,1.00000000,3960.00,population
55105000800,55105000800,1.00000000,3856.00,population
55105000900,55105000900,1.00000000,2790.00,population
55105001000,55105001000,1.00000000,3279.00,population
55105001100,55105001100,1.00000000,5479.00,population
55105001201,55105000500,0.00050236,2.78,population
55105001201,55105001201,0.99947936,5538.12,population
55105001201,55105002800,0.00001828,0.10,population
55105001202,55105000500,0.00006580,0.38,population
55105001202,55105001202,0.99992678,5757.58,population
55105001202,55105003002,0.00000742,0.04,population
55105001302,55105001302,0.99999996,6664.00,population
55105001302,55105002602,0.00000004,0.00,population
55105001303,55105001303,0.99980480,4602.10,population
55105001303,55105003102,0.00019520,0.90,population
55105001304,55105001305,0.39002969,3153.00,population
55105001304,55105001306,0.60997031,4931.00,population
55105001400,55105001400,1.00000000,5810.00,population
55105001500,55105001500,1.00000000,2326.00,population
55105001600,55105001600,1.00000000,5050.00,population
55105001700,55105001700,1.00000000,5385.00,population
55105001800,55105001800,1.00000000,4147.00,population
55105001900,55105001500,0.00024623,0.67,population
55105001900,55105001900,0.99975377,2733.33,population
55105002000,55105002000,1.00000000,3848.00,population
55105002100,55105002100,1.00000000,3834.00,population
55105002200,55105002000,0.00002263,0.05,population
55105002200,55105002100,0.00000190,0.00,population
55105002200,55105002200,0.99997547,2306.94,population
55105002300,55105002300,1.00000000,1871.00,population
55105002400,55105002400,1.00000000,3530.00,population
55105002500,55105002500,1.00000000,2595.00,population
55105002601,55105002601,1.00000000,5472.00,population
55105002602,55105002601,0.00000109,0.00,population
55105002602,55105002602,0.99999891,3917.00,population
55105002700,55045960800,0.00003455,0.09,population
55105002700,55105002200,0.00021256,0.55,population
55105002700,55105002700,0.99975289,2570.36,population
55105002800,55105002800,0.99999787,5200.99,population
55105002800,55105002902,0.00000213,0.01,population
55105002900,55025012400,0.00003558,0.29,population
55105002900,55105002901,0.43667328,3518.71,population
55105002900,55105002902,0.56329114,4539.00,population
55105003001,55025012100,0.00000262,0.01,population
55105003001,55105003001,0.99997722,5036.89,population
55105003001,55105003002,0.00002016,0.10,population
55105003002,55025012100,0.00002201,0.11,population
55105003002,55105001202,0.00007671,0.38,population
55105003002,55105002800,0.00000243,0.01,population
55105003002,55105003001,0.00009429,0.47,population
55105003002,55105003002,0.99716808,4981.85,population
55105003002,55105003102,0.00263649,13.17,population
55105003100,55105003101,0.36987205,2804.00,population
55105003100,55105003102,0.63010104,4776.80,population
55105003100,55105003200,0.00002691,0.20,population
55105003200,55055101202,0.00005480,0.15,population
55105003200,55105003200,0.99994520,2662.85,population
55105003300,55105002602,0.00021140,0.76,population
55105003300,55105003300,0.99978860,3599.24,population
55107960100,55107960100,1.00000000,3792.00,population
55107960200,55017011100,0.00000051,0.00,population
55107960200,55107960200,0.99999949,2028.00,population
55107960300,55107960300,1.00000000,2245.00,population
55107960400,55107960300,0.00503187,15.00,population
55107960400,55107960400,0.98988290,2950.84,population
55107960400,55107960500,0.00508523,15.16,population
55107960500,55107960500,1.00000000,3709.00,population
55109120100,55109120100,1.00000000,2033.00,population
55109120201,55109120201,0.99999163,5860.95,population
55109120201,55109120202,0.00000837,0.05,population
55109120202,55109120201,0.00005599,0.29,population
55109120202,55109120202,0.99994401,5160.71,population
55109120300,55109120300,0.99926085,5789.72,population
55109120300,55109120402,0.00073915,4.28,population
55109120400,55109120401,0.62162596,6535.15,population
55109120400,55109120402,0.37791306,3973.00,population
55109120400,55109120602,0.00046098,4.85,population
55109120501,55109120501,0.99867137,5437.77,population
55109120501,55109120502,0.00128558,7.00,population
55109120501,55109120602,0.00004305,0.23,population
55109120502,55109120502,1.00000000,5201.00,population
55109120600,55109120601,0.31562954,2389.00,population
55109120600,55109120602,0.68437046,5180.00,population
55109120700,55109120700,1.00000000,4569.00,population
55109120800,55109120601,0.00167846,14.00,population
55109120800,55109120801,0.40966311,3417.00,population
55109120800,55109120802,0.58865843,4910.00,population
55109120901,55109120901,0.99611745,4105.00,population
55109120901,55109120904,0.00388255,16.00,population
55109120903,55109120905,0.62320358,5365.16,population
55109120903,55109120906,0.37679642,3243.84,population
55109120904,55109120904,0.99986382,4035.45,population
55109120904,55109120905,0.00013618,0.55,population
55109121000,55109120402,0.00000027,0.00,population
55109121000,55109121000,0.99999973,7092.00,population
55111000100,55111000101,0.21447487,1418.97,population
55111000100,55111000102,0.28457547,1882.75,population
55111000100,55111000103,0.30819180,2039.00,population
55111000100,55111000104,0.19275740,1275.28,population
55111000100,55111000303,0.00000046,0.00,population
55111000200,55111000103,0.00002469,0.12,population
55111000200,55111000200,0.99996633,4900.83,population
55111000200,55111000303,0.00000899,0.04,population
55111000300,55111000103,0.00000164,0.01,population
55111000300,55111000301,0.48384967,3282.92,population
55111000300,55111000302,0.21090641,1431.00,population
55111000300,55111000303,0.30524228,2071.07,population
55111000401,55111000401,1.00000000,5147.00,population
55111000402,55111000402,1.00000000,3464.00,population
55111000500,55111000500,1.00000000,3338.00,population
55111000600,55111000601,0.23502584,1546.00,population
55111000600,55111000602,0.29370629,1932.00,population
55111000600,55111000603,0.47126786,3100.00,population
55111000700,55111000700,1.00000000,2725.00,population
55111000800,55111000800,1.00000000,3873.00,population
55111000900,55111000901,0.47784087,2289.81,population
55111000900,55111000902,0.27984140,1341.00,population
55111000900,55111000903,0.24227880,1161.00,population
55111000900,55111001003,0.00003893,0.19,population
55111001001,55111000901,0.00000987,0.07,population
55111001001,55111001003,0.27750422,1870.93,population
55111001001,55111001004,0.42865619,2890.00,population
55111001001,55111001005,0.29382972,1981.00,population
55111001002,55111001002,1.00000000,2881.00,population
55111001100,55111001100,1.00000000,4134.00,population
55113100300,55113100300,1.00000000,4584.00,population
55113100400,55113100300,0.00408163,9.00,population
55113100400,55113100400,0.99561505,2195.33,population
55113100400,55113100700,0.00030332,0.67,population
55113100500,55113100501,0.38656453,1312.00,population
55113100500,55113100502,0.61343547,2082.00,population
55113100700,55113100400,0.01269649,21.00,population
55113100700,55113100700,0.97218698,1608.00,population
55113100700,55113100800,0.01451028,24.00,population
55113100700,55113940001,0.00060625,1.00,population
55113100800,55113100700,0.00000042,0.00,population
55113100800,55113100800,0.99999958,1658.00,population
55113940000,55113100501,0.00163292,5.00,population
55113940000,55113940001,0.62208318,1904.82,population
55113940000,55113940002,0.37628390,1152.18,population
55115100100,55115100100,1.00000000,2797.00,population
55115100200,55115100200,1.00000000,1796.00,population
55115100300,55115100300,1.00000000,3672.00,population
55115100400,55115100400,1.00000000,4649.00,population
55115100500,55115100500,1.00000000,4899.00,population
55115100600,55115100600,1.00000000,4240.00,population
55115100700,55115100600,0.00000003,0.00,population
55115100700,55115100700,0.99999818,3422.99,population
55115100700,55115100800,0.00000179,0.01,population
55115100800,55115100800,1.00000000,4860.00,population
55115100900,55115100900,1.00000000,3820.00,population
55115101000,55115101000,1.00000000,3801.00,population
55115101100,55115101100,1.00000000,3992.00,population
55117000100,55117000100,0.99994069,3826.77,population
55117000100,55117011400,0.00005931,0.23,population
55117000201,55117000201,1.00000000,2912.00,population
55117000202,55117000202,1.00000000,4149.00,population
55117000300,55117000300,0.99624752,7084.32,population
55117000300,55117010700,0.00375248,26.68,population
55117000400,55117000300,0.00063790,2.81,population
55117000400,55117000400,0.99936210,4409.19,population
55117000500,55117000500,1.00000000,3898.00,population
55117000800,55117000800,1.00000000,5397.00,population
55117000900,55117000900,1.00000000,5126.00,population
55117001000,55117001000,1.00000000,7415.00,population
55117001100,55117001100,1.00000000,3627.00,population
55117010100,55117010100,0.99998980,1530.98,population
55117010100,55117010300,0.00001020,0.02,population
55117010200,55117010200,1.00000000,4598.00,population
55117010300,55117010300,0.99982336,3100.45,population
55117010300,55117010502,0.00017664,0.55,population
55117010400,55117010300,0.00001030,0.03,population
55117010400,55117010400,0.99998785,2621.97,population
55117010400,55117010504,0.00000184,0.00,population
55117010501,55117010400,0.00001254,0.10,population
55117010501,55117010502,0.00142027,11.24,population
55117010501,55117010503,0.46585291,3686.76,population
55117010501,55117010504,0.53271427,4215.90,population
55117010502,55117010502,1.00000000,3478.00,population
55117010601,55117010601,0.99480331,5564.93,population
55117010601,55117010900,0.00519669,29.07,population
55117010602,55117010601,0.00367202,13.93,population
55117010602,55117010602,0.99632798,3779.07,population
55117010700,55117000300,0.00005753,0.47,population
55117010700,55117010700,0.99994247,8201.53,population
55117010800,55117010800,0.99994126,3506.79,population
55117010800,55117010900,0.00005874,0.21,population
55117010900,55117010601,0.00058053,1.86,population
55117010900,55117010602,0.00010172,0.33,population
55117010900,55117010900,0.96190495,3085.79,population
55117010900,55117011301,0.03740648,120.00,population
55117010900,55117011302,0.00000632,0.02,population
55117011000,55117010900,0.00039461,1.09,population
55117011000,55117011000,0.99960539,2752.91,population
55117011100,55117010400,0.00000023,0.00,population
55117011100,55117011100,0.99999977,4171.00,population
55117011200,55117011200,1.00000000,3615.00,population
55117011300,55117011301,0.57674484,4107.00,population
55117011300,55117011302,0.42325516,3014.00,population
55117011400,55117011400,1.00000000,2424.00,population
55117990000,55117990000,1.00000000,0.00,area
55119960100,55119960100,0.99999583,4289.98,population
55119960100,55119960600,0.00000417,0.02,population
55119960200,55119960200,0.98326898,2292.00,population
55119960200,55119960300,0.01673102,39.00,population
55119960300,55119960300,1.00000000,3001.00,population
55119960400,55119960200,0.00002829,0.14,population
55119960400,55119960400,0.97194781,4716.86,population
55119960400,55119960500,0.02802390,136.00,population
55119960500,55119960500,1.00000000,2789.00,population
55119960600,55119960500,0.00044611,1.53,population
55119960600,55119960600,0.99955389,3423.47,population
55121100100,55053960300,0.00000012,0.00,population
55121100100,55121100100,0.99999988,3262.00,population
55121100200,55121100200,1.00000000,3309.00,population
55121100300,55121100300,1.00000000,2455.00,population
55121100400,55053960300,0.00001126,0.04,population
55121100400,55121100400,0.99998874,3911.96,population
55121100500,55053960300,0.00001165,0.04,population
55121100500,55053960400,0.00000404,0.01,population
55121100500,55121100500,0.99998432,3090.95,population
55121100600,55121100600,1.00000000,4072.00,population
55121100700,55063010202,0.00033137,1.67,population
55121100700,55121100600,0.00000480,0.02,population
55121100700,55121100700,0.99966383,5043.30,population
55121100800,55053960400,0.00011266,0.41,population
55121100800,55121100800,0.99988734,3669.59,population
55123960100,55123960100,1.00000000,4266.00,population
55123960200,55123960200,1.00000000,4186.00,population
55123960300,55081950900,0.00038854,1.67,population
55123960300,55123960300,0.99961146,4305.33,population
55123960400,55123960400,1.00000000,4876.00,population
55123960500,55123960400,0.00003145,0.11,population
55123960500,55123960500,0.99996855,3506.89,population
55123960600,55123960600,1.00000000,4614.00,population
55123960700,55123960700,1.00000000,4017.00,population
55125940000,55125940000,1.00000000,3473.00,population
55125950200,55125950201,0.65802170,2724.21,population
55125950200,55125950202,0.33883820,1402.79,population
55125950200,55125950502,0.00314010,13.00,population
55125950500,55085970101,0.00001958,0.11,population
55125950500,55085970104,0.00002814,0.16,population
55125950500,55085970604,0.00063489,3.66,population
55125950500,55125950202,0.00069300,4.00,population
55125950500,55125950501,0.48696699,2810.77,population
55125950500,55125950502,0.51131089,2951.29,population
55125950500,55125950700,0.00034650,2.00,population
55125950600,55125940000,0.00001809,0.07,population
55125950600,55125950201,0.00026745,1.00,population
55125950600,55125950601,0.62555024,2338.93,population
55125950600,55125950602,0.37416422,1399.00,population
55125950700,55125950501,0.00162564,7.00,population
55125950700,55125950700,0.99837436,4299.00,population
55127000101,55127000103,0.45710478,2744.00,population
55127000101,55127000104,0.54289522,3259.00,population
55127000102,55127000102,1.00000000,2398.00,population
55127000200,55101002401,0.00000452,0.03,population
55127000200,55127000102,0.00000003,0.00,population
55127000200,55127000104,0.00030506,2.00,population
55127000200,55127000201,0.55824479,3659.85,population
55127000200,55127000202,0.44142315,2893.97,population
55127000200,55127000301,0.00002245,0.15,population
55127000301,55127000301,1.00000000,3140.00,population
55127000302,55127000303,0.54779116,3410.00,population
55127000302,55127000304,0.45220884,2815.00,population
55127000400,55127000400,1.00000000,3855.00,population
55127000501,55127000501,1.00000000,3766.00,population
55127000502,55105003200,0.00000769,0.03,population
55127000502,55127000502,0.99999231,3674.97,population
55127000600,55127000600,1.00000000,5641.00,population
55127000701,55127000701,1.00000000,4121.00,population
55127000702,55127000702,1.00000000,4613.00,population
55127000800,55127000600,0.00000669,0.03,population
55127000800,55127000801,0.41320507,1890.00,population
55127000800,55127000802,0.58678824,2683.97,population
55127000901,55127000901,1.00000000,5977.00,population
55127000902,55127000902,1.00000000,3430.00,population
55127001000,55127001000,1.00000000,5241.00,population
55127001501,55127001501,0.99993588,3074.80,population
55127001501,55127001504,0.00006412,0.20,population
55127001502,55127001503,0.41834088,2250.26,population
55127001502,55127001504,0.58165912,3128.74,population
55127001602,55127001605,0.62342726,3518.00,population
55127001602,55127001606,0.37657274,2125.00,population
55127001603,55127001603,1.00000000,2687.00,population
55127001604,55127001607,0.44449761,2247.38,population
55127001604,55127001608,0.55550239,2808.62,population
55127001701,55127001701,1.00000000,5811.00,population
55127001702,55127001607,0.00000103,0.01,population
55127001702,55127001702,0.99999897,5361.99,population
55129950100,55129950100,1.00000000,2044.00,population
55129950200,55129950200,1.00000000,1767.00,population
55129950300,55129950300,0.99516908,2678.00,population
55129950300,55129950502,0.00483092,13.00,population
55129950500,55129950300,0.00137255,7.00,population
55129950500,55129950501,0.56450980,2879.00,population
55129950500,55129950502,0.43294118,2208.00,population
55129950500,55129950600,0.00117647,6.00,population
55129950600,55129950502,0.00002732,0.12,population
55129950600,55129950600,0.99997268,4308.88,population
55131400102,55131400102,1.00000000,3931.00,population
55131400103,55131400103,1.00000000,4014.00,population
55131400104,55131400104,0.99983806,5714.07,population
55131400104,55131450103,0.00016194,0.93,population
55131410100,55131410100,1.00000000,5057.00,population
55131420103,55131420107,0.55754264,3367.00,population
55131420103,55131420108,0.44236317,2671.43,population
55131420103,55131430100,0.00009419,0.57,population
55131420104,55131420104,0.99997606,5095.88,population
55131420104,55131430100,0.00002394,0.12,population
55131420105,55131400102,0.00031395,1.47,population
55131420105,55131420105,0.99968605,4669.53,population
55131420106,55131420106,1.00000000,3619.00,population
55131420200,55131420200,1.00000000,5408.00,population
55131420300,55131420300,1.00000000,5873.00,population
55131420401,55131420401,1.00000000,1933.00,population
55131420402,55131420402,1.00000000,2093.00,population
55131430100,55131430100,1.00000000,5664.00,population
55131440103,55131430100,0.00000041,0.00,population
55131440103,55131440103,0.99999959,4827.00,population
55131440104,55131440104,1.00000000,5614.00,population
55131440105,55131440105,1.00000000,3338.00,population
55131440106,55131440106,0.99951119,3745.17,population
55131440106,55131460101,0.00048881,1.83,population
55131440200,55131440200,1.00000000,4040.00,population
55131450103,55131450103,1.00000000,5109.00,population
55131450104,55131450107,0.52825670,3309.00,population
55131450104,55131450108,0.47174330,2955.00,population
55131450105,55131450105,1.00000000,2588.00,population
55131450106,55131440105,0.00100579,5.98,population
55131450106,55131450106,0.99899421,5938.02,population
55131460101,55131460101,1.00000000,6262.00,population
55131460102,55131460102,1.00000000,5038.00,population
55131470100,55131470100,1.00000000,5157.00,population
55131470202,55131470202,1.00000000,6278.00,population
55131470203,55131470202,0.00442439,18.77,population
55131470203,55131470203,0.99557561,4223.23,population
55131470204,55131470204,1.00000000,4326.00,population
55133200101,55133200101,1.00000000,4480.00,population
55133200102,55133200102,1.00000000,4852.00,population
55133200103,55133200103,1.00000000,3122.00,population
55133200201,55133200201,1.00000000,3595.00,population
55133200202,55133200202,1.00000000,4206.00,population
55133200300,55133200300,1.00000000,4178.00,population
55133200400,55133200400,1.00000000,6582.00,population
55133200500,55133200500,1.00000000,5667.00,population
55133200600,55133200600,1.00000000,1841.00,population
55133200700,55133200600,0.00026979,1.03,population
55133200700,55133200700,0.99973021,3806.97,population
55133200801,55133200801,1.00000000,5114.00,population
55133200803,55133200300,0.00002310,0.10,population
55133200803,55133200700,0.00000423,0.02,population
55133200803,55133200803,0.99997268,4492.88,population
55133200804,55133200804,1.00000000,3624.00,population
55133200901,55133200901,1.00000000,3932.00,population
55133200902,55133200902,1.00000000,4005.00,population
55133201000,55133201001,0.38626182,2328.00,population
55133201000,55133201002,0.61373818,3699.00,population
55133201101,55133201101,1.00000000,4656.00,population
55133201102,55133201102,1.00000000,2867.00,population
55133201201,55133201201,1.00000000,2119.00,population
55133201202,55133201204,0.34316976,2070.00,population
55133201202,55133201205,0.65683024,3962.00,population
55133201203,55133201203,1.00000000,3233.00,population
55133201300,55133201300,0.99914496,4850.85,population
55133201300,55133202902,0.00085504,4.15,population
55133201402,55133201102,0.00576126,26.82,population
55133201402,55133201402,0.99423874,4629.18,population
55133201403,55133201102,0.00227283,9.69,population
55133201403,55133201300,0.00140680,6.00,population
55133201403,55133201403,0.99632037,4249.31,population
55133201404,55133201404,1.00000000,3844.00,population
55133201503,55133201507,0.56100496,3729.00,population
55133201503,55133201508,0.43899504,2918.00,population
55133201504,55133201504,1.00000000,6210.00,population
55133201505,55133201505,1.00000000,2936.00,population
55133201506,55133201506,1.00000000,4697.00,population
55133201600,55133201600,1.00000000,5117.00,population
55133201701,55133201701,1.00000000,4594.00,population
55133201703,55133201703,1.00000000,6097.00,population
55133201704,55133201600,0.00115252,6.00,population
55133201704,55133201704,0.99884748,5200.00,population
55133201800,55133201800,1.00000000,1503.00,population
55133201900,55133201900,1.00000000,5169.00,population
55133202001,55133202001,1.00000000,4995.00,population
55133202002,55133202002,1.00000000,4030.00,population
55133202101,55133202101,0.99997099,4093.88,population
55133202101,55133203802,0.00000399,0.02,population
55133202101,55133203806,0.00002503,0.10,population
55133202102,55133202001,0.00002038,0.09,population
55133202102,55133202102,0.99997962,4649.91,population
55133202103,55133202103,1.00000000,3409.00,population
55133202201,55133202201,1.00000000,4329.00,population
55133202202,55133202203,0.38015241,2195.00,population
55133202202,55133202204,0.61984759,3579.00,population
55133202301,55133202301,1.00000000,4494.00,population
55133202302,55133202303,0.49414520,3376.00,population
55133202302,55133202304,0.50585480,3456.00,population
55133202400,55133202400,1.00000000,5003.00,population
55133202500,55133202500,1.00000000,3998.00,population
55133202600,55133202600,1.00000000,3498.00,population
55133202700,55133202700,1.00000000,1552.00,population
55133202800,55133202800,1.00000000,4219.00,population
55133202901,55133202901,1.00000000,4452.00,population
55133202902,55133202902,1.00000000,3513.00,population
55133203000,55133203000,0.99972484,2640.27,population
55133203000,55133203307,0.00027516,0.73,population
55133203101,55133203104,0.45761934,2991.00,population
55133203101,55133203105,0.54238066,3545.00,population
55133203102,55133203106,0.53409939,3579.00,population
55133203102,55133203107,0.46590061,3122.00,population
55133203103,55133203103,1.00000000,4528.00,population
55133203200,55133203200,1.00000000,4106.00,population
55133203303,55133203303,1.00000000,3749.00,population
55133203304,55133203304,1.00000000,4037.00,population
55133203305,55133203305,1.00000000,4328.00,population
55133203306,55133203307,0.42112413,2480.00,population
55133203306,55133203308,0.57887587,3409.00,population
55133203402,55133203402,1.00000000,4011.00,population
55133203403,55133203403,1.00000000,5504.00,population
55133203404,55133200801,0.00000007,0.00,population
55133203404,55133203403,0.00057244,1.74,population
55133203404,55133203404,0.99942750,3033.26,population
55133203405,55133203405,1.00000000,4139.00,population
55133203406,55133203406,0.99999912,6424.99,population
55133203406,55133203501,0.00000088,0.01,population
55133203500,55133203501,0.61787770,4055.13,population
55133203500,55133203502,0.38212230,2507.87,population
55133203601,55133203601,1.00000000,4102.00,population
55133203602,55133203602,1.00000000,5897.00,population
55133203702,55133203702,1.00000000,5046.00,population
55133203703,55133203703,0.99850488,3813.29,population
55133203703,55133204100,0.00149512,5.71,population
55133203704,55133203704,1.00000000,4469.00,population
55133203802,55127000104,0.00000795,0.05,population
55133203802,55133202001,0.00000399,0.02,population
55133203802,55133203802,0.99998805,6144.93,population
55133203803,55133203803,0.99992120,3944.69,population
55133203803,55133204002,0.00007730,0.30,population
55133203803,55133204004,0.00000151,0.01,population
55133203804,55133202101,0.00000129,0.01,population
55133203804,55133203805,0.61026352,4400.00,population
55133203804,55133203806,0.38973519,2809.99,population
55133203901,55133203901,1.00000000,4532.00,population
55133203902,55133202001,0.00000580,0.02,population
55133203902,55133203902,0.99999420,4307.98,population
55133204002,55133204002,1.00000000,5479.00,population
55133204003,55133204003,1.00000000,3826.00,population
55133204004,55133204004,1.00000000,4379.00,population
55133204100,55133204100,0.99993989,5031.70,population
55133204100,55133204302,0.00006011,0.30,population
55133204200,55133204201,0.41378352,2978.00,population
55133204200,55133204202,0.58621648,4219.00,population
55133204301,55133204301,1.00000000,4852.00,population
55133204302,55133204302,1.00000000,3755.00,population
55133204400,55133204400,1.00000000,2079.00,population
55133204501,55133204501,1.00000000,2495.00,population
55133204502,55133204503,0.53671378,3253.02,population
55133204502,55133204504,0.46328622,2807.98,population
55135100100,55135100100,1.00000000,3857.00,population
55135100200,55115100800,0.00000019,0.00,population
55135100200,55135100200,0.99999981,2813.00,population
55135100300,55135100300,1.00000000,3847.00,population
55135100400,55135100400,1.00000000,4413.00,population
55135100500,55135100500,0.98741722,2982.00,population
55135100500,55135101000,0.01258278,38.00,population
55135100600,55135100600,1.00000000,5148.00,population
55135100700,55135100700,1.00000000,3359.00,population
55135100800,55135100800,1.00000000,4711.00,population
55135100900,55135100900,1.00000000,6103.00,population
55135101000,55135101000,1.00000000,6242.00,population
55135101100,55135101100,1.00000000,4988.00,population
55135101200,55135101200,1.00000000,3909.00,population
55137960100,55137960100,1.00000000,2927.00,population
55137960200,55137960201,0.32283260,1240.00,population
55137960200,55137960202,0.67716740,2601.00,population
55137960300,55137960201,0.00006622,0.22,population
55137960300,55137960300,0.99993351,3248.78,population
55137960300,55137960800,0.00000027,0.00,population
55137960400,55137960400,1.00000000,3456.00,population
55137960600,55137960600,1.00000000,2049.00,population
55137960700,55137960700,1.00000000,4459.00,population
55137960800,55137960800,1.00000000,4515.00,population
55139000100,55139000100,1.00000000,2935.00,population
55139000200,55139000200,1.00000000,2559.00,population
55139000300,55139000300,1.00000000,4151.00,population
55139000400,55139000400,1.00000000,2701.00,population
55139000500,55139000100,0.00006593,0.40,population
55139000500,55139000501,0.44651701,2737.60,population
55139000500,55139000502,0.55341706,3393.00,population
55139000700,55139000700,1.00000000,5503.00,population
55139000800,55139000800,1.00000000,3117.00,population
55139000900,55139000900,1.00000000,3276.00,population
55139001000,55139001000,1.00000000,2718.00,population
55139001100,55139001100,1.00000000,4215.00,population
55139001200,55139001200,1.00000000,2028.00,population
55139001300,55139001300,1.00000000,2664.00,population
55139001400,55139001400,1.00000000,3983.00,population
55139001500,55139001500,1.00000000,3168.00,population
55139001600,55139001600,1.00000000,4039.00,population
55139001700,55139001700,1.00000000,5310.00,population
55139001801,55139001801,1.00000000,5493.00,population
55139001803,55139001803,1.00000000,5737.00,population
55139001804,55139001804,1.00000000,4475.00,population
55139001900,55139001900,1.00000000,5016.00,population
55139002000,55139002001,0.40305828,2794.00,population
55139002000,55139002002,0.59692941,4137.91,population
55139002000,55139002100,0.00001231,0.09,population
55139002100,55139002002,0.00004468,0.16,population
55139002100,55139002100,0.99995532,3571.84,population
55139002201,55139002001,0.00000304,0.01,population
55139002201,55139002201,0.99999696,4732.99,population
55139002202,55139002202,1.00000000,2952.00,population
55139002300,55139001600,0.00005407,0.29,population
55139002300,55139001700,0.00001035,0.05,population
55139002300,55139002201,0.00006248,0.33,population
55139002300,55139002202,0.00002512,0.13,population
55139002300,55139002300,0.99984798,5287.20,population
55139002400,55139002401,0.52990930,5232.32,population
55139002400,55139002402,0.46921207,4633.00,population
55139002400,55139003400,0.00087863,8.68,population
55139002500,55139002500,1.00000000,5045.00,population
55139002601,55139002601,1.00000000,3916.00,population
55139002602,55139002602,1.00000000,4543.00,population
55139002700,55139002700,1.00000000,2504.00,population
55139002800,55139002800,1.00000000,4594.00,population
55139002900,55139002900,1.00000000,2341.00,population
55139003000,55139003000,1.00000000,1601.00,population
55139003100,55139003100,1.00000000,2108.00,population
55139003200,55139003200,1.00000000,2305.00,population
55139003300,55139003300,1.00000000,2816.00,population
55139003400,55139003400,1.00000000,3911.00,population
55139003500,55139003500,1.00000000,3064.00,population
55139003600,55139003600,1.00000000,4138.00,population
55139003701,55139003701,1.00000000,3690.00,population
55139003702,55139003703,0.60945464,4783.00,population
55139003702,55139003704,0.39054536,3065.00,population
55141010100,55097960200,0.00003826,0.18,population
55141010100,55141010100,0.99996174,4709.82,population
55141010200,55141010200,1.00000000,4967.00,population
55141010300,55141010300,1.00000000,2963.00,population
55141010400,55141010400,1.00000000,3400.00,population
55141010500,55141010500,1.00000000,3311.00,population
55141010600,55141010200,0.00265170,11.85,population
55141010600,55141010300,0.00297349,13.29,population
55141010600,55141010600,0.99437481,4443.86,population
55141010700,55141010700,1.00000000,5076.00,population
55141010800,55053960100,0.00003279,0.09,population
55141010800,55141010800,0.99996721,2887.91,population
55141010900,55141010100,0.00000513,0.02,population
55141010900,55141010900,0.99999487,4087.98,population
55141011000,55141011000,1.00000000,5695.00,population
55141011100,55141011100,0.99999820,3522.99,population
55141011100,55141011200,0.00000180,0.01,population
55141011200,55141011200,0.99974431,3910.00,population
55141011200,55141011700,0.00025569,1.00,population
55141011300,55141011300,0.99572848,4587.32,population
55141011300,55141011400,0.00427152,19.68,population
55141011400,55141011400,1.00000000,5308.00,population
55141011500,55141011500,1.00000000,5945.00,population
55141011600,55001950100,0.00000001,0.00,population
55141011600,55141011600,0.99999999,5148.00,population
55141011700,55141011700,1.00000000,4740.00,population
